district,COUNTYFP,date ,doy,year,tminc,tmeanc,tmaxc,pr,rmean,vpd
Erie,29,1/1/21,1,2021,-4.38445164,-0.684475759,3.015500122,19.33145519,74.01871581,0.16772387
Erie,29,1/2/21,2,2021,-1.271727965,0.317608533,1.906945031,0.441773053,73.07061002,0.159331132
Erie,29,1/3/21,3,2021,-0.969362458,0.58982434,2.149011138,0.800870629,69.99588856,0.181888363
Erie,29,1/4/21,4,2021,-0.677155335,0.410315297,1.49778593,0.350514812,72.39378677,0.162016641
Erie,29,1/5/21,5,2021,-0.928882512,0.514091629,1.95706577,0.125532178,72.90385198,0.161889444
Erie,29,1/6/21,6,2021,-1.664568246,-0.567207485,0.530153275,0.016138992,73.4163618,0.145674967
Erie,29,1/7/21,7,2021,-5.167321055,-3.024974541,-0.882628027,0,78.67443525,0.100683997
Erie,29,1/8/21,8,2021,-9.381071977,-6.073541914,-2.76601185,0,85.00772684,0.051820132
Erie,29,1/9/21,9,2021,-8.483136844,-2.916718094,2.649700655,0,68.95502407,0.200873866
Erie,29,1/10/21,10,2021,-5.783551563,-2.630083187,0.523385188,0,78.71291649,0.112625151
Erie,29,1/11/21,11,2021,-3.433919204,-0.15091174,3.132095723,0.03859002,72.99942407,0.172110035
Erie,29,1/12/21,12,2021,-3.238274557,-2.193093405,-1.147912253,0.633005047,80.44378497,0.091276765
Erie,29,1/13/21,13,2021,-2.314995844,0.6209548,3.556905443,0.013777188,72.6948268,0.178544482
Erie,29,1/14/21,14,2021,-0.7294904,1.245380888,3.220252176,0.006366064,72.87628937,0.174442354
Erie,29,1/15/21,15,2021,-2.933626075,1.280808694,5.495243464,2.64633611,76.28527274,0.182190767
Erie,29,1/16/21,16,2021,-3.147656176,-0.344979974,2.457696228,0.758043259,81.38878975,0.110500454
Erie,29,1/17/21,17,2021,-1.98906254,0.42649063,2.842043801,6.607573214,79.37047075,0.127452956
Erie,29,1/18/21,18,2021,-2.909753298,-1.130756954,0.648239391,7.457160284,80.29050846,0.10291922
Erie,29,1/19/21,19,2021,-5.456797167,-2.85728024,-0.257763314,10.59346718,85.53239303,0.069842547
Erie,29,1/20/21,20,2021,-7.163945371,-4.206173348,-1.248401325,0.242121919,73.43808915,0.123888949
Erie,29,1/21/21,21,2021,-1.742521125,0.213181384,2.168883893,0.292320279,69.48599456,0.184362854
Erie,29,1/22/21,22,2021,-8.457730172,-4.579976584,-0.702222995,1.046647939,84.36004682,0.055066454
Erie,29,1/23/21,23,2021,-9.574813763,-7.024381842,-4.473949921,0.059410939,67.62905404,0.120069002
Erie,29,1/24/21,24,2021,-9.914884248,-6.631711827,-3.348539405,0,79.16523747,0.082115435
Erie,29,1/25/21,25,2021,-8.848393839,-3.782203304,1.283987232,0,76.39010905,0.126419937
Erie,29,1/26/21,26,2021,-4.460499315,-2.145799504,0.168900307,7.777376082,81.1264952,0.09532718
Erie,29,1/27/21,27,2021,-9.917128315,-6.138360724,-2.359593134,0.539238359,80.39817082,0.082320588
Erie,29,1/28/21,28,2021,-11.42977897,-9.218399563,-7.007020158,0.376517806,68.82889836,0.094590699
Erie,29,1/29/21,29,2021,-12.81443697,-9.730283518,-6.646130066,0.615418103,81.09453849,0.054589617
Erie,29,1/30/21,30,2021,-12.3557029,-7.618652721,-2.881602543,0.01575462,72.50174442,0.116911593
Erie,29,1/31/21,31,2021,-6.976530894,-4.155445821,-1.334360747,0.471273989,69.98569114,0.138479801
Erie,29,2/1/21,32,2021,-7.330382175,-4.602346312,-1.87431045,1.240521144,77.75522975,0.097305846
Erie,29,2/2/21,33,2021,-6.303780934,-3.390844619,-0.477908305,2.916549604,68.95382244,0.150060359
Erie,29,2/3/21,34,2021,-7.540145421,-2.974561195,1.591023031,0.045774224,65.41097789,0.197490467
Erie,29,2/4/21,35,2021,-6.495147784,-0.667781919,5.159583945,2.156766631,59.81690086,0.292106174
Erie,29,2/5/21,36,2021,-7.316844578,-2.625341339,2.0661619,2.410192803,73.78760904,0.162440686
Erie,29,2/6/21,37,2021,-11.00432382,-7.285771018,-3.567218211,1.305760943,72.85542512,0.106607647
Erie,29,2/7/21,38,2021,-13.61530067,-8.76618957,-3.917078467,0.865144104,74.83295341,0.096447879
Erie,29,2/8/21,39,2021,-12.18125431,-8.03645091,-3.891647512,1.870187239,62.77177276,0.139525324
Erie,29,2/9/21,40,2021,-11.4674692,-6.967290912,-2.467112627,0.446535252,71.98750083,0.116656426
Erie,29,2/10/21,41,2021,-12.81338332,-8.025920203,-3.238457086,0.132514164,72.30672725,0.111506924
Erie,29,2/11/21,42,2021,-13.16457338,-7.521278058,-1.87798274,0.020519906,70.10225541,0.139739893
Erie,29,2/12/21,43,2021,-12.79807025,-8.478854518,-4.159638783,0,69.59547641,0.115304332
Erie,29,2/13/21,44,2021,-10.35024134,-7.56869658,-4.787151817,0.177678644,62.33929935,0.131886509
Erie,29,2/14/21,45,2021,-10.01620555,-6.36706913,-2.71793271,0,71.63185999,0.118652691
Erie,29,2/15/21,46,2021,-6.644145981,-3.983849593,-1.323553205,12.60449823,62.18158119,0.172014172
Erie,29,2/16/21,47,2021,-15.30724356,-8.995040661,-2.682837761,1.087010079,82.01613388,0.021691854
Erie,29,2/17/21,48,2021,-12.46209501,-7.966408723,-3.47072243,0.044281503,64.60029255,0.140012195
Erie,29,2/18/21,49,2021,-6.863843546,-4.561663878,-2.25948421,0.968466058,63.67230645,0.155737023
Erie,29,2/19/21,50,2021,-6.777145298,-3.801435704,-0.82572611,5.194708333,74.97445762,0.11889134
Erie,29,2/20/21,51,2021,-10.34665479,-6.432350618,-2.518046444,3.073648137,80.2380206,0.076989858
Erie,29,2/21/21,52,2021,-9.336173639,-3.561783761,2.212606118,0.272116826,63.90096951,0.217168305
Erie,29,2/22/21,53,2021,-1.290056296,0.976927236,3.243910767,12.10082273,65.74085977,0.219289605
Erie,29,2/23/21,54,2021,0.037405322,2.050260969,4.063116617,0.160153443,62.76830683,0.255803706
Erie,29,2/24/21,55,2021,-8.007951485,-4.597752017,-1.187552549,5.114268078,92.84755564,0.002655563
Erie,29,2/25/21,56,2021,-8.996082106,-5.149298211,-1.302514316,1.480324481,85.41333203,0.045883052
Erie,29,2/26/21,57,2021,-7.307524179,-4.360439498,-1.413354817,0.551627796,78.64073967,0.097503282
Erie,29,2/27/21,58,2021,-9.750798654,-3.970700491,1.809397672,0.748460196,84.27718694,0.016665689
Erie,29,2/28/21,59,2021,-9.369959359,-3.290263883,2.789431593,0,85.07930947,0.013692595
Erie,29,3/1/21,60,2021,-3.304633437,2.194356776,7.69334699,0.01301925,58.72895383,0.359776172
Erie,29,3/2/21,61,2021,-9.639561744,-4.241580046,1.156401652,0,59.75634742,0.223353914
Erie,29,3/3/21,62,2021,-1.364918057,1.751762727,4.868443511,0.003149072,60.57433186,0.285685772
Erie,29,3/4/21,63,2021,-9.675426634,-5.280760373,-0.886094112,0.132182277,78.85712324,0.099273244
Erie,29,3/5/21,64,2021,-7.678885968,-3.620391225,0.438103518,0.198942593,61.059968,0.207212917
Erie,29,3/6/21,65,2021,-8.894654777,-5.310827576,-1.727000375,0.032261003,68.23156483,0.146641763
Erie,29,3/7/21,66,2021,-9.331630661,-4.796069006,-0.26050735,0,63.94150766,0.18285624
Erie,29,3/8/21,67,2021,-8.056594443,1.093066526,10.2427275,0,63.27825599,0.419494603
Erie,29,3/9/21,68,2021,-0.251477162,4.981831117,10.2151394,0,55.1646756,0.456056249
Erie,29,3/10/21,69,2021,5.919716833,12.54808633,19.17645583,0,41.69349668,1.004646578
Erie,29,3/11/21,70,2021,1.208713604,10.24956338,19.29041315,3.407709055,68.80754474,0.573409795
Erie,29,3/12/21,71,2021,-6.589234491,1.455470366,9.500175223,0,69.94681479,0.291614517
Erie,29,3/13/21,72,2021,-5.001558012,-0.456385995,4.088786023,0,51.33219315,0.321328017
Erie,29,3/14/21,73,2021,-8.793629645,-2.103982324,4.585664997,0,63.03920679,0.275090847
Erie,29,3/15/21,74,2021,-8.218171804,-3.270928013,1.676315778,0.004609376,35.77079157,0.342366438
Erie,29,3/16/21,75,2021,-1.968967299,1.192906469,4.354780237,0.40428212,53.62546255,0.321542121
Erie,29,3/17/21,76,2021,0.887603103,6.545450377,12.20329765,0.004754481,59.44918493,0.481979901
Erie,29,3/18/21,77,2021,-4.910199636,0.226777929,5.363755495,1.592863646,78.89361998,0.141694943
Erie,29,3/19/21,78,2021,-5.739058711,-1.003491786,3.732075139,0,46.70063911,0.338559921
Erie,29,3/20/21,79,2021,-3.729015728,3.802594964,11.33420566,0,44.82993833,0.576130659
Erie,29,3/21/21,80,2021,0.907099231,9.753122139,18.59914505,0,36.14493587,1.014818219
Erie,29,3/22/21,81,2021,3.649435624,12.01284935,20.37626308,9.49352426683212E-04,34.05370633,1.164198608
Erie,29,3/23/21,82,2021,5.655455388,12.74146975,19.82748412,1.49553727,35.5061739,1.128471619
Erie,29,3/24/21,83,2021,9.119476867,15.63597054,22.15246421,1.025004246,59.63702127,0.907181583
Erie,29,3/25/21,84,2021,9.798651123,15.2506266,20.70260208,8.290401498,57.38574601,0.861214089
Erie,29,3/26/21,85,2021,3.093168908,8.727757715,14.36234652,11.02734289,75.28323986,0.359326499
Erie,29,3/27/21,86,2021,3.643576345,9.272521273,14.9014662,0.076960839,68.37752978,0.471228289
Erie,29,3/28/21,87,2021,-0.120507025,6.65885818,13.43822339,9.538427965,74.07408517,0.317653173
Erie,29,3/29/21,88,2021,-1.235479574,2.512071805,6.259623183,0,60.61557505,0.312008306
Erie,29,3/30/21,89,2021,4.463905404,12.76742466,21.07094391,0.048958801,44.66527942,1.086859883
Erie,29,3/31/21,90,2021,-2.143883724,5.247887489,12.6396587,2.018392728,75.81918936,0.223946528
Erie,29,4/1/21,91,2021,-5.55490283,-1.486481624,2.581939582,1.250354269,57.66176044,0.253598741
Erie,29,4/2/21,92,2021,-6.621914943,-1.470174975,3.681564993,0,45.46628088,0.336688694
Erie,29,4/3/21,93,2021,-4.33555226,2.455723372,9.246999004,0.023831062,52.76641766,0.44217085
Erie,29,4/4/21,94,2021,-1.122324444,5.888642788,12.89961002,0,63.67676158,0.47142279
Erie,29,4/5/21,95,2021,0.026525596,7.473558138,14.92059068,0.360477613,65.15129209,0.525524612
Erie,29,4/6/21,96,2021,2.945833728,11.74821674,20.55059974,1.118875903,58.93215069,0.861894074
Erie,29,4/7/21,97,2021,7.661281492,15.14337426,22.62546702,0,57.1880158,0.974542687
Erie,29,4/8/21,98,2021,11.14365524,19.73205869,28.32046214,0.634699993,46.09618554,1.615943412
Erie,29,4/9/21,99,2021,10.45288148,16.13633937,21.81979726,3.041924332,59.22507289,0.872447014
Erie,29,4/10/21,100,2021,11.78272282,19.47892864,27.17513446,4.662853285,47.53328454,1.478365416
Erie,29,4/11/21,101,2021,9.461109732,14.30795859,19.15480745,13.98239609,72.19591998,0.526856329
Erie,29,4/12/21,102,2021,6.00415839,9.560662834,13.11716728,1.297485372,79.39251362,0.259828346
Erie,29,4/13/21,103,2021,3.957525892,9.944035125,15.93054436,0,70.83364271,0.461743873
Erie,29,4/14/21,104,2021,3.883634957,8.949762102,14.01588925,3.348988133,57.61856026,0.549725536
Erie,29,4/15/21,105,2021,2.056875197,4.509411418,6.961947639,8.934740148,69.16848466,0.256390145
Erie,29,4/16/21,106,2021,2.609368022,4.506401307,6.403434591,2.404641797,77.98000571,0.176373166
Erie,29,4/17/21,107,2021,2.780515732,6.42332911,10.06614249,0.019011748,73.77367549,0.271548602
Erie,29,4/18/21,108,2021,3.154134896,8.554131231,13.95412757,0.098971922,63.85552466,0.480807487
Erie,29,4/19/21,109,2021,2.905551022,9.868950101,16.83234918,5.693430173,60.21147548,0.642941142
Erie,29,4/20/21,110,2021,-1.831403674,2.649894117,7.131191908,7.610249924,78.93289393,0.184895572
Erie,29,4/21/21,111,2021,-2.72642765,0.039699025,2.8058257,3.704266682,66.6467591,0.206157514
Erie,29,4/22/21,112,2021,-1.82667993,1.30283684,4.432353611,1.280562203,59.02878846,0.282087032
Erie,29,4/23/21,113,2021,3.273473748,8.282010974,13.2905482,0,52.97137977,0.575156446
Erie,29,4/24/21,114,2021,6.78823309,12.08111386,17.37399463,7.96529878365567E-04,46.65148181,0.833810223
Erie,29,4/25/21,115,2021,-0.169218247,6.005790503,12.18079925,0.6088668,73.19123967,0.339301339
Erie,29,4/26/21,116,2021,0.408820643,5.624565454,10.84031027,0.302400397,53.6003992,0.480983773
Erie,29,4/27/21,117,2021,8.230713324,15.3257064,22.42069948,0.052073911,51.4093718,1.049855044
Erie,29,4/28/21,118,2021,10.70912409,16.6940527,22.6789813,4.498598365,68.76374086,0.747883485
Erie,29,4/29/21,119,2021,7.078606926,9.799333292,12.52005966,19.54424133,91.10026078,0.061148948
Erie,29,4/30/21,120,2021,0.699319823,5.140879691,9.582439558,0.773641964,77.07061775,0.240550469
Erie,29,5/1/21,121,2021,2.716168565,9.492866501,16.26956444,0.067952024,52.12800274,0.696737474
Erie,29,5/2/21,122,2021,11.27355225,15.91554497,20.55753769,0.40958769,61.22981307,0.752999647
Erie,29,5/3/21,123,2021,8.61228626,13.86610041,19.11991457,5.024485567,75.01948963,0.455749986
Erie,29,5/4/21,124,2021,7.565462328,14.22909577,20.89272922,1.064483416,78.37263079,0.3828655
Erie,29,5/5/21,125,2021,2.028312017,6.1186664,10.20902078,0.365245988,89.18643132,0.035714021
Erie,29,5/6/21,126,2021,2.886043293,7.715095705,12.54414812,7.160046876,59.74645418,0.466386594
Erie,29,5/7/21,127,2021,2.341970896,4.945706186,7.549441475,7.793292799,79.14526404,0.169973604
Erie,29,5/8/21,128,2021,2.628606672,7.273294333,11.91798199,0.061132123,61.79223456,0.427213532
Erie,29,5/9/21,129,2021,2.887809147,6.701611242,10.51541334,6.319266473,74.14290536,0.268152081
Erie,29,5/10/21,130,2021,1.823388036,7.155247198,12.48710636,0.145070315,66.62292575,0.400042757
Erie,29,5/11/21,131,2021,2.87878859,6.602235155,10.32568172,0.70604962,60.12509367,0.399260429
Erie,29,5/12/21,132,2021,2.506198063,9.016333289,15.52646852,0,57.19458642,0.607844274
Erie,29,5/13/21,133,2021,3.418669375,10.54536575,17.67206212,0,54.30544525,0.736988318
Erie,29,5/14/21,134,2021,4.872748549,12.23873864,19.60472873,0,49.62612559,0.894458255
Erie,29,5/15/21,135,2021,7.269222066,14.16037948,21.05153689,0,43.99021385,1.059309831
Erie,29,5/16/21,136,2021,7.115063345,14.24619553,21.37732771,0.029267841,48.37633341,1.016237781
Erie,29,5/17/21,137,2021,8.467203285,16.16207648,23.85694967,0,49.29422142,1.165882284
Erie,29,5/18/21,138,2021,10.44252638,17.75537121,25.06821605,0,45.67116513,1.318835005
Erie,29,5/19/21,139,2021,12.57352105,20.70761647,28.84171189,0,45.47623309,1.655189644
Erie,29,5/20/21,140,2021,15.18804479,23.01504192,30.84203905,0,46.12528698,1.839343638
Erie,29,5/21/21,141,2021,16.87870685,23.41689129,29.95507572,0,46.64805735,1.741183835
Erie,29,5/22/21,142,2021,16.70980913,21.58370562,26.45760211,0.02597984,57.61841933,1.164065391
Erie,29,5/23/21,143,2021,10.21565241,17.79183654,25.36802067,6.85386156925784E-04,75.48845885,0.613238759
Erie,29,5/24/21,144,2021,12.54779891,18.92728494,25.30677097,0,55.3214106,1.144837062
Erie,29,5/25/21,145,2021,18.86362549,23.75303862,28.64245175,0.702196638,55.96824674,1.376535865
Erie,29,5/26/21,146,2021,8.213060978,16.76191256,25.31076413,2.256501134,75.94356151,0.509309054
Erie,29,5/27/21,147,2021,7.263095812,12.6030483,17.94300078,0.099384081,62.92261083,0.616982447
Erie,29,5/28/21,148,2021,3.589360473,5.993599106,8.39783774,20.91667473,83.26314326,0.142002439
Erie,29,5/29/21,149,2021,5.416184539,9.732415996,14.04864745,0.002968463,56.63561925,0.553129001
Erie,29,5/30/21,150,2021,4.51182987,11.4156256,18.31942133,0,53.9482688,0.768746545
Erie,29,5/31/21,151,2021,9.902519456,14.9999909,20.09746234,0,48.25634599,0.953656008
Erie,29,6/1/21,152,2021,9.614486676,16.48157229,23.3486579,0,57.24157557,0.983697677
Erie,29,6/2/21,153,2021,13.68868749,19.19143952,24.69419154,9.757651194,51.13752573,1.190953368
Erie,29,6/3/21,154,2021,14.70990738,17.79038566,20.87086394,1.203115111,71.37269886,0.561829238
Erie,29,6/4/21,155,2021,15.79878039,20.37407919,24.949378,0.004018154,63.25556508,0.926996953
Erie,29,6/5/21,156,2021,17.35523494,22.39245478,27.42967462,0,60.44441265,1.157150865
Erie,29,6/6/21,157,2021,17.66418603,23.58844051,29.51269499,0,63.11439728,1.235874097
Erie,29,6/7/21,158,2021,19.47712964,24.4617968,29.44646396,9.103701696,64.02732667,1.18879023
Erie,29,6/8/21,159,2021,18.64974058,22.73913497,26.82852935,1.095933994,75.26046544,0.70396644
Erie,29,6/9/21,160,2021,15.00921768,21.84200079,28.67478391,0.142947778,77.10431693,0.692813172
Erie,29,6/10/21,161,2021,14.21737875,21.15661718,28.09585561,0,65.05170985,1.11698708
Erie,29,6/11/21,162,2021,15.49954553,21.8488569,28.19816827,0.035820688,66.55079108,1.067699634
Erie,29,6/12/21,163,2021,15.08373564,20.89184104,26.69994643,0,63.2933553,1.043471077
Erie,29,6/13/21,164,2021,14.35590848,21.06911492,27.78232136,0.249074574,68.49146172,1.009023322
Erie,29,6/14/21,165,2021,13.18301261,17.37619765,21.56938268,9.320237407,75.81766123,0.506516104
Erie,29,6/15/21,166,2021,8.07756188,15.28648422,22.49540656,0,71.14281192,0.699894108
Erie,29,6/16/21,167,2021,6.398251144,13.47528906,20.55232698,0,61.71813557,0.770621323
Erie,29,6/17/21,168,2021,11.6729973,17.33552402,22.99805074,0,52.56020604,1.05424137
Erie,29,6/18/21,169,2021,17.55415195,21.63771101,25.72127007,0.650863682,59.21790718,1.073671595
Erie,29,6/19/21,170,2021,13.76292963,19.77556392,25.78819822,3.931316282,74.68444198,0.73106636
Erie,29,6/20/21,171,2021,16.53347187,22.1462553,27.75903873,16.25484319,72.49895909,0.866549297
Erie,29,6/21/21,172,2021,10.31255994,18.8267519,27.34094387,7.072315942,77.86677859,0.427049905
Erie,29,6/22/21,173,2021,8.575973625,12.71968337,16.86339311,0.043179328,71.43718475,0.44718868
Erie,29,6/23/21,174,2021,10.76724843,16.51844655,22.26964467,0,53.95509123,0.971393611
Erie,29,6/24/21,175,2021,15.50793117,21.3048329,27.10173464,0,51.38520017,1.36605085
Erie,29,6/25/21,176,2021,18.35962527,23.52385758,28.6880899,2.594118643,61.51750676,1.211861814
Erie,29,6/26/21,177,2021,19.7013657,24.48657004,29.27177438,0.348832218,68.32840259,1.042447476
Erie,29,6/27/21,178,2021,21.74008256,26.34834851,30.95661446,0.189211344,63.50535335,1.307951557
Erie,29,6/28/21,179,2021,20.56242984,25.68214058,30.80185133,0.070056036,68.42004898,1.143321038
Erie,29,6/29/21,180,2021,20.92650214,26.73348872,32.5404753,2.983135481,64.92577157,1.40243358
Erie,29,6/30/21,181,2021,17.67999063,22.45441636,27.22884208,2.544415804,75.22550432,0.74216761
Erie,29,7/1/21,182,2021,14.02091543,19.57360831,25.12630119,4.370330799,75.30234302,0.670661611
Erie,29,7/2/21,183,2021,12.69435656,16.80777536,20.92119417,26.20673654,74.82532271,0.502480971
Erie,29,7/3/21,184,2021,13.42657915,18.46706434,23.50754954,0.018906779,67.61857902,0.762718236
Erie,29,7/4/21,185,2021,14.78971474,20.72654672,26.6633787,0,62.93560471,1.045264347
Erie,29,7/5/21,186,2021,19.22509396,24.73285543,30.2406169,2.472442531,64.28340874,1.236176506
Erie,29,7/6/21,187,2021,19.33059375,23.89036238,28.45013101,4.955025372,78.56702675,0.683650453
Erie,29,7/7/21,188,2021,16.78556474,22.27762797,27.7696912,3.577831454,79.89343485,0.541091831
Erie,29,7/8/21,189,2021,17.13995031,20.28441913,23.42888796,22.22587486,81.63916034,0.407365583
Erie,29,7/9/21,190,2021,15.50112369,18.94362685,22.38613001,5.154532977,80.40135997,0.415293063
Erie,29,7/10/21,191,2021,14.42583308,19.1665819,23.90733072,0,73.51114374,0.637023201
Erie,29,7/11/21,192,2021,16.54877338,18.75714496,20.96551653,21.68733115,79.14641856,0.394352818
Erie,29,7/12/21,193,2021,17.37114433,21.10346493,24.83578554,0.215532333,74.4902961,0.635127273
Erie,29,7/13/21,194,2021,18.86543318,24.30373632,29.74203946,29.12921385,72.08388596,0.971837418
Erie,29,7/14/21,195,2021,16.9911203,21.7176191,26.44411791,1.817358484,73.97978483,0.733183497
Erie,29,7/15/21,196,2021,18.44856761,23.83534625,29.22212488,0.900753308,71.32853145,0.960416326
Erie,29,7/16/21,197,2021,16.81453088,20.13677135,23.45901181,30.58384103,81.39328041,0.410082429
Erie,29,7/17/21,198,2021,15.32943307,18.01946347,20.70949387,40.2352942,87.35030761,0.224770072
Erie,29,7/18/21,199,2021,16.51453116,21.02526047,25.53598978,0.363994071,68.70160708,0.820918172
Erie,29,7/19/21,200,2021,17.60917972,22.39200977,27.17483982,0,72.3541176,0.813297877
Erie,29,7/20/21,201,2021,16.1325411,21.83849833,27.54445555,8.681267646,77.80472049,0.653925071
Erie,29,7/21/21,202,2021,12.71440457,18.1426019,23.57079923,0,73.56990375,0.64879378
Erie,29,7/22/21,203,2021,13.89127992,18.94407568,23.99687143,0,61.2944899,0.919307203
Erie,29,7/23/21,204,2021,14.03229574,20.16133507,26.2903744,0,64.08387912,1.000849627
Erie,29,7/24/21,205,2021,18.25615329,22.34441663,26.43267997,4.659674899,65.79324551,0.940866765
Erie,29,7/25/21,206,2021,16.68779377,22.33320318,27.9786126,0,78.02032987,0.667863572
Erie,29,7/26/21,207,2021,16.52372816,22.70957865,28.89542914,0.191712074,66.77820217,1.095147183
Erie,29,7/27/21,208,2021,15.56290731,21.09156803,26.62022876,6.648778184,75.69562367,0.709714423
Erie,29,7/28/21,209,2021,15.57532332,20.62193863,25.66855393,0.012054461,69.95042177,0.807832076
Erie,29,7/29/21,210,2021,16.19805054,21.06856349,25.93907643,13.22876464,75.69867348,0.672276282
Erie,29,7/30/21,211,2021,10.04004311,15.48393081,20.92781851,0,77.71758729,0.448683408
Erie,29,7/31/21,212,2021,13.1989599,17.78946112,22.37996235,1.72482363,61.62272738,0.834262206
Erie,29,8/1/21,213,2021,12.77908352,17.25941913,21.73975475,12.37378551,75.89497929,0.513670827
Erie,29,8/2/21,214,2021,11.66822008,17.43783282,23.20744556,0,64.78250258,0.826910668
Erie,29,8/3/21,215,2021,12.50135292,18.74547378,24.98959463,0,64.86612739,0.920940558
Erie,29,8/4/21,216,2021,13.39353562,20.14665221,26.8997688,0,68.21385516,0.963707099
Erie,29,8/5/21,217,2021,15.98299506,22.24315407,28.50331308,0,65.17788332,1.119083682
Erie,29,8/6/21,218,2021,17.16477223,23.07592651,28.98708078,0.066454671,69.22733286,1.033818402
Erie,29,8/7/21,219,2021,16.29379211,22.49678993,28.69978775,0.891732142,73.87778667,0.829480248
Erie,29,8/8/21,220,2021,19.23309038,23.7855272,28.33796401,6.85386156925784E-04,70.408738,0.932391442
Erie,29,8/9/21,221,2021,21.26863661,26.63002673,31.99141685,0.168361094,64.70900793,1.369477011
Erie,29,8/10/21,222,2021,21.36568928,25.27439318,29.18309709,10.15552244,72.33968776,0.899897809
Erie,29,8/11/21,223,2021,21.34357369,25.85732546,30.37107723,4.064011041,73.87017744,0.923938188
Erie,29,8/12/21,224,2021,21.04789516,25.38144159,29.71498801,0.139701457,73.62650303,0.898019942
Erie,29,8/13/21,225,2021,15.9162154,21.88999122,27.86376705,21.66995733,81.19059292,0.339278337
Erie,29,8/14/21,226,2021,11.75167007,18.35307297,24.95447587,0,73.26713683,0.688336861
Erie,29,8/15/21,227,2021,12.60108161,18.44065519,24.28022876,0,62.75904509,0.920096479
Erie,29,8/16/21,228,2021,15.39193613,20.4341294,25.47632266,2.026208301,72.31815742,0.745180837
Erie,29,8/17/21,229,2021,20.85000768,23.59416764,26.3383276,6.455682995,69.70120869,0.838573811
Erie,29,8/18/21,230,2021,20.6199738,22.20688112,23.79378844,18.55550547,80.93338952,0.4342974
Erie,29,8/19/21,231,2021,18.92493834,23.34032381,27.75570929,0.001355336,72.75719441,0.825283184
Erie,29,8/20/21,232,2021,19.1551548,23.9697488,28.7843428,0,67.90461219,1.03484617
Erie,29,8/21/21,233,2021,19.1923702,24.11403539,29.03570058,0.548379928,68.83603468,1.022478039
Erie,29,8/22/21,234,2021,20.84340106,24.81241797,28.78143488,0.574730245,70.916402,0.929782958
Erie,29,8/23/21,235,2021,18.58543286,24.09894524,29.61245762,0,77.18457339,0.746768804
Erie,29,8/24/21,236,2021,19.9012573,24.68382161,29.46638592,0,66.56911432,1.111946868
Erie,29,8/25/21,237,2021,20.87184161,26.21431026,31.55677891,0.014451768,66.42083158,1.270305033
Erie,29,8/26/21,238,2021,19.83953689,25.0373793,30.2352217,0,76.26558561,0.845567526
Erie,29,8/27/21,239,2021,18.35309244,22.94363517,27.53417789,0.201392384,76.55280952,0.706087743
Erie,29,8/28/21,240,2021,20.2375648,25.3549805,30.47239619,0.044834134,65.82869415,1.211581177
Erie,29,8/29/21,241,2021,20.30436949,24.98205194,29.65973439,13.28048968,72.06471986,0.948512982
Erie,29,8/30/21,242,2021,16.34010442,21.8357252,27.33134597,0.170182617,79.63621977,0.485429985
Erie,29,8/31/21,243,2021,15.8570169,20.84772002,25.83842313,0.035164632,69.97791019,0.821845296
Erie,29,9/1/21,244,2021,10.84865767,16.16686084,21.485064,0,77.6224687,0.458842096
Erie,29,9/2/21,245,2021,11.86948615,16.4407191,21.01195204,0,60.40540527,0.804375513
Erie,29,9/3/21,246,2021,12.3241353,16.91550329,21.50687128,0,64.95343632,0.742878313
Erie,29,9/4/21,247,2021,14.90542574,20.07969543,25.25396513,4.996702728,62.16318011,1.00095629
Erie,29,9/5/21,248,2021,13.29275307,18.55971123,23.82666939,4.488776039,77.41724488,0.550306569
Erie,29,9/6/21,249,2021,11.13613031,17.3027504,23.46937048,2.489998617,72.83062408,0.694656923
Erie,29,9/7/21,250,2021,13.54419949,20.02067925,26.49715901,7.784995593,68.82501174,0.929393958
Erie,29,9/8/21,251,2021,12.8719985,18.60185658,24.33171467,9.893498063,76.38785757,0.583696147
Erie,29,9/9/21,252,2021,11.94192584,16.7686043,21.59528276,5.440562832,71.3767985,0.625129127
Erie,29,9/10/21,253,2021,12.31877021,16.69443414,21.07009807,0.004481252,66.92979492,0.685664934
Erie,29,9/11/21,254,2021,14.50362105,19.49936372,24.49510638,0,63.59692893,0.927267564
Erie,29,9/12/21,255,2021,15.37786266,19.11955469,22.86124672,16.5186212,83.66546818,0.315076333
Erie,29,9/13/21,256,2021,14.31214612,18.82564108,23.33913605,14.81012335,77.3477881,0.546998807
Erie,29,9/14/21,257,2021,16.31961464,22.14155942,27.9635042,8.229476256,75.33368366,0.777485992
Erie,29,9/15/21,258,2021,10.98151346,15.61618069,20.25084793,7.774325797,85.38089572,0.132790942
Erie,29,9/16/21,259,2021,12.39405331,18.06062282,23.72719232,0,71.5219882,0.727105939
Erie,29,9/17/21,260,2021,16.58600678,22.13570371,27.68540063,0.224570478,73.05699128,0.858007903
Erie,29,9/18/21,261,2021,9.937270622,17.23466536,24.5320601,0,76.81253076,0.425136381
Erie,29,9/19/21,262,2021,10.2668355,16.67714714,23.08745878,0,65.86431985,0.821797749
Erie,29,9/20/21,263,2021,14.60624836,20.87298233,27.13971631,0,65.23825435,1.055969189
Erie,29,9/21/21,264,2021,17.47143214,20.87424482,24.27705751,6.982433124,71.94378452,0.70366481
Erie,29,9/22/21,265,2021,14.47333811,19.11215297,23.75096783,30.87158268,80.94230261,0.412840646
Erie,29,9/23/21,266,2021,10.7968683,14.9049484,19.0130285,1.296140845,82.87269663,0.265881508
Erie,29,9/24/21,267,2021,9.817358415,14.42628797,19.03521753,0.898709488,69.55511118,0.562423239
Erie,29,9/25/21,268,2021,8.750155014,14.88321917,21.01628332,3.513979398,71.98496549,0.61523842
Erie,29,9/26/21,269,2021,10.13649425,14.99722735,19.85796046,1.746166322,65.96284643,0.657412052
Erie,29,9/27/21,270,2021,14.21359843,19.04461117,23.87562392,0.746993717,69.86904167,0.750208551
Erie,29,9/28/21,271,2021,6.313881332,12.08871875,17.86355617,0,80.8242769,0.203841094
Erie,29,9/29/21,272,2021,7.155759343,13.10673269,19.05770603,0,71.0608235,0.557021038
Erie,29,9/30/21,273,2021,9.591513322,12.85106332,16.11061332,0,70.28747767,0.449426373
Erie,29,10/1/21,274,2021,11.0365927,15.57973407,20.12287544,0,59.90819687,0.789045244
Erie,29,10/2/21,275,2021,14.31662,19.49171388,24.66680775,4.258205314,56.76824224,1.109418195
Erie,29,10/3/21,276,2021,16.65553778,19.15894984,21.66236191,42.12818738,72.57287007,0.610214259
Erie,29,10/4/21,277,2021,15.90521854,19.37468801,22.84415749,9.760698335,71.35035285,0.679585218
Erie,29,10/5/21,278,2021,14.58407757,17.48359422,20.38311088,0.132325839,74.90945882,0.514597026
Erie,29,10/6/21,279,2021,14.34770656,19.20813188,24.06855721,0,69.60809517,0.783479727
Erie,29,10/7/21,280,2021,15.12654336,20.9458432,26.76514303,3.70479003992341E-04,66.82294592,1.004916718
Erie,29,10/8/21,281,2021,16.73722647,21.32163293,25.9060394,0.102503821,64.67815403,0.997245484
Erie,29,10/9/21,282,2021,16.41222077,19.27195336,22.13168595,1.888170905,68.69221019,0.714382766
Erie,29,10/10/21,283,2021,16.30338989,20.11092476,23.91845962,0,64.761712,0.883072662
Erie,29,10/11/21,284,2021,15.66622838,21.36379494,27.06136149,0,64.6743901,1.075506094
Erie,29,10/12/21,285,2021,16.52784084,21.67285494,26.81786903,0.463140425,63.04325093,1.096705663
Erie,29,10/13/21,286,2021,12.47966109,17.33285958,22.18605807,0.09233263,76.8841442,0.517689445
Erie,29,10/14/21,287,2021,13.72851401,19.80542312,25.88233223,0.667525976,65.08293951,1.005684067
Erie,29,10/15/21,288,2021,15.6945448,19.5891242,23.48370359,25.08052681,75.79892935,0.605336441
Erie,29,10/16/21,289,2021,9.384012917,13.46293537,17.54185782,11.2224356,78.99977573,0.357728809
Erie,29,10/17/21,290,2021,7.976703104,11.27132096,14.56593883,4.167709677,62.465693,0.525291055
Erie,29,10/18/21,291,2021,4.834996714,8.956484365,13.07797202,0.906488016,70.6337853,0.378337012
Erie,29,10/19/21,292,2021,7.77168505,13.84985014,19.92801523,0,66.85553252,0.672978498
Erie,29,10/20/21,293,2021,11.42667619,15.92297491,20.41927362,0.890433921,66.32847936,0.682864885
Erie,29,10/21/21,294,2021,8.474888324,14.55062266,20.62635701,19.26915921,75.08278423,0.46703246
Erie,29,10/22/21,295,2021,4.226532031,7.825606187,11.42468034,0.288056683,80.01359614,0.233036538
Erie,29,10/23/21,296,2021,4.581833381,7.85343768,11.12504198,1.978132484,68.26083515,0.355510103
Erie,29,10/24/21,297,2021,5.62567552,9.141239514,12.65680351,12.77518408,71.62563131,0.352748802
Erie,29,10/25/21,298,2021,6.743515327,10.65418008,14.56484484,5.270715189,81.64969389,0.243588707
Erie,29,10/26/21,299,2021,5.762191368,8.248904548,10.73561773,22.91651257,78.72779209,0.232644911
Erie,29,10/27/21,300,2021,3.041743619,9.165930927,15.29011824,0,75.06727593,0.32420216
Erie,29,10/28/21,301,2021,0.317630575,0.734253124,1.150875674,0,100,0
Erie,29,10/29/21,302,2021,0.330536276,0.740590157,1.150644037,0,100,0
Erie,29,10/30/21,303,2021,0.357907546,0.759648427,1.161389309,0,100,0
Erie,29,10/31/21,304,2021,5.394817827,9.068078752,12.74133968,2.118250731,83.92095068,0.155806796
Erie,29,11/1/21,305,2021,2.210197968,6.181057291,10.15191661,1.239502326,67.18101549,0.345061979
Erie,29,11/2/21,306,2021,1.145299787,4.563448177,7.981596567,1.51515259,64.67630469,0.317460986
Erie,29,11/3/21,307,2021,-0.307558029,3.573303201,7.45416443,0.862748339,64.3642358,0.307449563
Erie,29,11/4/21,308,2021,-1.983290498,2.153068305,6.289427107,2.800929289,67.70286578,0.261218259
Erie,29,11/5/21,309,2021,-1.783163384,3.204317992,8.191799368,0,71.31024286,0.27436517
Erie,29,11/6/21,310,2021,-1.084119332,5.249809081,11.58373749,0,63.63451383,0.428711504
Erie,29,11/7/21,311,2021,2.208217262,8.268722577,14.32922789,0,68.03879075,0.461205135
Erie,29,11/8/21,312,2021,4.757577469,11.68591302,18.61424857,0,66.470405,0.636109662
Erie,29,11/9/21,313,2021,5.640937253,10.62882208,15.61670691,2.717077531,74.17072727,0.403744306
Erie,29,11/10/21,314,2021,1.615608176,7.066902728,12.51819728,0,70.18756231,0.379839922
Erie,29,11/11/21,315,2021,5.920284939,11.24296087,16.56563681,7.409777565,60.35124127,0.620345779
Erie,29,11/12/21,316,2021,3.078678668,7.936571688,12.79446471,7.364998998,70.81416401,0.375750298
Erie,29,11/13/21,317,2021,0.337515211,3.099871642,5.862228072,9.87192385,76.39639094,0.185484171
Erie,29,11/14/21,318,2021,0.190954735,2.039967924,3.888981114,13.24333521,83.70258874,0.10927525
Erie,29,11/15/21,319,2021,0.645442251,2.678495925,4.711549598,1.645136703,71.27014383,0.210405674
Erie,29,11/16/21,320,2021,-0.388503639,3.034089312,6.456682262,0.002182739,64.32746646,0.288768776
Erie,29,11/17/21,321,2021,3.719944041,10.46666022,17.2133764,3.026935371,67.59269475,0.558599122
Erie,29,11/18/21,322,2021,0.37892585,4.511870187,8.644814523,6.176616587,84.21859731,0.092320434
Erie,29,11/19/21,323,2021,-1.597445763,1.679465635,4.956377033,0.042856703,70.21910539,0.218827589
Erie,29,11/20/21,324,2021,-0.438658811,3.29840158,7.035461971,0,64.28388435,0.299030891
Erie,29,11/21/21,325,2021,0.069167924,4.329748191,8.590328458,5.558347336,78.52459582,0.198104073
Erie,29,11/22/21,326,2021,-2.345943336,-0.469949696,1.406043944,0.155792595,67.14569262,0.19232136
Erie,29,11/23/21,327,2021,-3.464565956,-0.286702235,2.891161485,6.93104478134844E-04,62.26940004,0.237518252
Erie,29,11/24/21,328,2021,-1.68199777,3.271926917,8.225851605,0.236456679,63.15220734,0.339565773
Erie,29,11/25/21,329,2021,0.004048139,3.959931935,7.91581573,8.502418899,81.78426117,0.142112347
Erie,29,11/26/21,330,2021,-2.760801212,-0.711794207,1.337212797,2.17265401,84.20065994,0.089691422
Erie,29,11/27/21,331,2021,-2.953444073,-1.075323554,0.802796964,2.574103517,71.53747633,0.157930876
Erie,29,11/28/21,332,2021,-1.932235254,-0.35877611,1.214683034,2.302423552,80.00188785,0.113130548
Erie,29,11/29/21,333,2021,-2.2099911,-0.120356454,1.969278192,1.192812709,76.68425336,0.139063305
Erie,29,11/30/21,334,2021,-0.763574049,1.146663051,3.056900151,1.959444899,76.50446368,0.154291382
Erie,29,12/1/21,335,2021,0.949372699,4.299796381,7.650220064,0.052628087,61.19005411,0.336571219
Erie,29,12/2/21,336,2021,0.883865071,6.002839569,11.12181407,1.566204592,69.67171006,0.344801101
Erie,29,12/3/21,337,2021,0.239307881,1.399491159,2.559674438,0.015495284,66.15818235,0.219412635
Erie,29,12/4/21,338,2021,-1.120197369,2.791483191,6.703163752,0,61.04629986,0.314154924
Erie,29,12/5/21,339,2021,-1.467871511,4.495664996,10.4592015,7.456343678,54.51439913,0.464386315
Erie,29,12/6/21,340,2021,-2.802296945,4.133342705,11.06898235,5.054043624,73.11291722,0.240894551
Erie,29,12/7/21,341,2021,-5.024555752,-3.270306408,-1.516057064,3.50637069,68.78890423,0.146175886
Erie,29,12/8/21,342,2021,-5.586670541,-3.510556106,-1.434441671,3.774762663,85.06655122,0.066563344
Erie,29,12/9/21,343,2021,-4.395918008,0.240507313,4.876932634,0,64.71551539,0.254220837
Erie,29,12/10/21,344,2021,2.863623358,8.316259749,13.76889614,3.776437531,49.47965571,0.630594003
Erie,29,12/11/21,345,2021,0.035478559,8.849470973,17.66346339,8.053183798,63.57802661,0.657059633
Erie,29,12/12/21,346,2021,-0.404996475,3.238936764,6.882870002,0,62.233358,0.307725107
Erie,29,12/13/21,347,2021,-0.985142755,4.060564813,9.106272381,0,65.02384414,0.337475652
Erie,29,12/14/21,348,2021,-1.349198476,3.306240939,7.961680354,0.005601951,67.32435479,0.29301215
Erie,29,12/15/21,349,2021,5.110405019,9.992592056,14.87477909,2.945349721,44.26548919,0.741995495
Erie,29,12/16/21,350,2021,3.082411251,9.926961625,16.771512,1.289090936,69.73563842,0.488412338
Erie,29,12/17/21,351,2021,0.01315729,3.511733185,7.010309081,0.551226442,59.48734722,0.334227476
Erie,29,12/18/21,352,2021,-3.04854576,-0.781789198,1.484967364,10.98959259,83.99031623,0.086897392
Erie,29,12/19/21,353,2021,-7.997048896,-4.78347272,-1.569896544,0.085890926,77.99045306,0.099485652
Erie,29,12/20/21,354,2021,-4.239078701,-0.129887144,3.979304414,0,68.10804574,0.21797456
Erie,29,12/21/21,355,2021,-0.990768254,1.819983249,4.630734752,0,62.5953074,0.26453775
Erie,29,12/22/21,356,2021,-5.521893198,-2.529674281,0.462544636,0.292696935,66.42987265,0.175998673
Erie,29,12/23/21,357,2021,-5.616062974,-2.903267248,-0.190471522,1.916511009,64.41447867,0.177756442
Erie,29,12/24/21,358,2021,-0.407728622,4.19354636,8.794821342,7.569480264,63.25178139,0.343437585
Erie,29,12/25/21,359,2021,1.690109161,5.584538525,9.478967889,8.438781427,71.44453841,0.278713822
Erie,29,12/26/21,360,2021,-2.702883629,0.207914668,3.118712966,0.046021211,76.82096409,0.147334559
Erie,29,12/27/21,361,2021,-2.347330818,0.919035819,4.185402456,1.427804456,72.43815968,0.189411865
Erie,29,12/28/21,362,2021,-0.068719298,1.593484477,3.255688252,4.628925157,71.72179637,0.185093624
Erie,29,12/29/21,363,2021,0.40396079,2.045614991,3.687269192,0.041915069,75.73595555,0.162323986
Erie,29,12/30/21,364,2021,1.508333539,3.017035824,4.525738109,0.678632624,72.64448373,0.196222812
Erie,29,12/31/21,365,2021,2.55521417,6.336418258,10.11762235,1.358319573,68.91688648,0.321630418
Erie,29,1/1/22,1,2022,-1.885928671,3.843048783,9.572026236,12.14849879,78.53072127,0.171070376
Erie,29,1/2/22,2,2022,-10.91342282,-6.021413209,-1.129403602,2.609547544,82.13462001,0.051145551
Erie,29,1/3/22,3,2022,-11.9460897,-7.980455987,-4.014822276,0,72.17651457,0.108624134
Erie,29,1/4/22,4,2022,-5.045932285,-0.95332499,3.139282304,0,62.36953417,0.237689599
Erie,29,1/5/22,5,2022,-6.466854076,-0.482782976,5.501288123,1.550508641,73.08428647,0.20658727
Erie,29,1/6/22,6,2022,-6.490746146,-4.458898715,-2.427051284,6.565928315,76.53814245,0.099599267
Erie,29,1/7/22,7,2022,-13.01517871,-9.367952994,-5.720727278,1.169046481,84.34745581,0.03231256
Erie,29,1/8/22,8,2022,-13.40502238,-4.826862403,3.751297569,3.450687683,62.8936763,0.256001449
Erie,29,1/9/22,9,2022,-9.008435223,-1.937317748,5.133799728,2.181164225,74.31166699,0.155404054
Erie,29,1/10/22,10,2022,-15.6105234,-11.5168569,-7.423190403,1.034130378,78.36653818,0.059789289
Erie,29,1/11/22,11,2022,-15.66918589,-7.999578527,-0.329971165,0.001651719,62.49609284,0.20137139
Erie,29,1/12/22,12,2022,-0.965812098,0.690558006,2.34692811,1.356774362,61.1340933,0.24292987
Erie,29,1/13/22,13,2022,-1.904471077,1.210599641,4.325670359,0.167436441,72.54103693,0.191538878
Erie,29,1/14/22,14,2022,-15.84637619,-8.845565016,-1.844753836,0.202178113,79.6578899,0.037479353
Erie,29,1/15/22,15,2022,-17.35685143,-14.28018959,-11.20352776,0,62.30437093,0.081992869
Erie,29,1/16/22,16,2022,-15.34585695,-7.432421615,0.481013715,30.68297028,66.37340899,0.184097345
Erie,29,1/17/22,17,2022,-5.081290221,-3.659828471,-2.238366722,7.282680102,77.6238888,0.09809188
Erie,29,1/18/22,18,2022,-6.097980627,-1.927713468,2.242553692,0.051011872,62.17182438,0.22393356
Erie,29,1/19/22,19,2022,-10.48696359,-2.915749248,4.655465093,0.066692395,75.61121968,0.11807536
Erie,29,1/20/22,20,2022,-16.32862687,-13.00729452,-9.685962175,0.123936032,80.36736268,0.043157715
Erie,29,1/21/22,21,2022,-20.99013098,-14.94573557,-8.901340163,0,73.03045269,0.066949414
Erie,29,1/22/22,22,2022,-18.59372548,-11.04620254,-3.498679592,3.882738767,73.46370529,0.080882975
Erie,29,1/23/22,23,2022,-18.17314052,-11.48909483,-4.805049137,3.896867917,85.53176712,6.60996264998972E-04
Erie,29,1/24/22,24,2022,-16.98559703,-10.51444425,-4.043291476,3.662614049,80.0433446,0.034259273
Erie,29,1/25/22,25,2022,-12.47422259,-8.858738647,-5.2432547,0.97495408,81.21769604,0.058228184
Erie,29,1/26/22,26,2022,-15.36016212,-11.29368362,-7.227205129,0.432554301,77.68157321,0.06146509
Erie,29,1/27/22,27,2022,-13.19874519,-7.68048148,-2.162217766,1.196401721,75.06598479,0.10294392
Erie,29,1/28/22,28,2022,-16.27433325,-11.79427224,-7.314211238,0.109590776,81.60163092,0.040245905
Erie,29,1/29/22,29,2022,-19.38425386,-14.68713672,-9.990019585,0,64.96400696,0.084346028
Erie,29,1/30/22,30,2022,-17.8638,-11.69488207,-5.525964136,0,73.42991242,0.083786605
Erie,29,1/31/22,31,2022,-14.32666904,-7.022483166,0.281702714,0,69.2742662,0.161991018
Erie,29,2/1/22,32,2022,-8.095721729,-1.257344979,5.58103177,0.023093191,61.9276034,0.293558761
Erie,29,2/2/22,33,2022,-3.343248637,1.769767197,6.88278303,11.87397074,67.70840416,0.270678748
Erie,29,2/3/22,34,2022,-9.097167897,-5.423915164,-1.75066243,19.67550516,84.84427842,0.047855853
Erie,29,2/4/22,35,2022,-14.16464082,-10.60978489,-7.054928954,1.357867277,80.18039216,0.059646655
Erie,29,2/5/22,36,2022,-16.98264202,-11.89980221,-6.816962396,0.001180902,67.23648925,0.103183341
Erie,29,2/6/22,37,2022,-11.21182234,-4.619226805,1.973368732,0,65.20699781,0.21501644
Erie,29,2/7/22,38,2022,-4.910971079,0.376053403,5.663077886,0.14052423,53.12248111,0.341355802
Erie,29,2/8/22,39,2022,,0.333931919,0.333931919,1.173035301,76.31793889,0.125461939
Erie,29,2/9/22,40,2022,,8.584829854,8.584829854,0.808040939,49.55291348,0.447279756
Erie,29,2/10/22,41,2022,,3.316456905,3.316456905,1.282298822,73.13184102,0.171558174
Erie,29,2/11/22,42,2022,,9.418802265,9.418802265,7.000907666,60.80120957,0.381491177
Erie,29,2/12/22,43,2022,-13.05520512,-5.756455764,1.542293594,1.059055898,77.93664822,0.068322347
Erie,29,2/13/22,44,2022,-16.77017669,-11.74188071,-6.71358472,0.228420374,78.74199152,0.053410568
Erie,29,2/14/22,45,2022,-15.63980074,-12.1237908,-8.607780869,0.042953953,74.74668248,0.066719871
Erie,29,2/15/22,46,2022,-12.78213045,-5.076450571,2.629229313,0,60.9345665,0.247903089
Erie,29,2/16/22,47,2022,1.697927851,6.870084166,12.04224048,1.977521185,44.44842248,0.609470986
Erie,29,2/17/22,48,2022,-7.658468685,1.785452001,11.22937269,36.50471576,69.97498193,0.278517776
Erie,29,2/18/22,49,2022,-9.654198236,-5.928998774,-2.203799313,1.988055146,69.46033531,0.13216761
Erie,29,2/19/22,50,2022,-11.07830126,-7.248870802,-3.419440347,0.895029411,69.13702922,0.12275312
Erie,29,2/20/22,51,2022,-9.742287069,-0.96419599,7.813895088,0,61.03788672,0.369679227
Erie,29,2/21/22,52,2022,0.232922425,6.352560697,12.47219897,0.35403745,44.23015782,0.620422655
Erie,29,2/22/22,53,2022,0.143039443,6.583582698,13.02412595,15.47751194,60.68521792,0.491763629
Erie,29,2/23/22,54,2022,-9.472275734,-4.185902052,1.100471629,0.219243299,77.93496445,0.104053812
Erie,29,2/24/22,55,2022,-9.045721976,-5.634045244,-2.222368512,6.614893262,44.17100076,0.231501674
Erie,29,2/25/22,56,2022,-11.34565337,-7.592515394,-3.839377421,2.026594206,79.32294216,0.079668884
Erie,29,2/26/22,57,2022,-9.577170721,-5.929682821,-2.282194921,0.673038392,70.40104698,0.127840414
Erie,29,2/27/22,58,2022,-12.0861826,-5.921389831,0.24340294,0.479259352,74.69564472,0.117141135
Erie,29,2/28/22,59,2022,-11.1192948,-4.273796483,2.571701836,0,56.86076484,0.263932017
Erie,29,3/1/22,60,2022,-3.40257577,2.184809014,7.772193797,0.014510428,61.33001823,0.343664503
Erie,29,3/2/22,61,2022,-7.868329409,-2.323220233,3.221888943,4.897750889,76.50895193,0.14248298
Erie,29,3/3/22,62,2022,-13.69408953,-8.929376352,-4.164663176,0,78.07366669,0.075324247
Erie,29,3/4/22,63,2022,-12.22685316,-6.214907318,-0.202961478,0,68.52017469,0.161957057
Erie,29,3/5/22,64,2022,-4.155378938,5.2702198,14.69581854,2.465988482,51.40380366,0.673029905
Erie,29,3/6/22,65,2022,1.501654085,10.75763791,20.01362173,1.702506906,60.53794607,0.831326003
Erie,29,3/7/22,66,2022,-1.940320674,3.393015722,8.726352118,7.589541684,70.16110983,0.309190041
Erie,29,3/8/22,67,2022,-2.925966803,-0.152459352,2.621048099,1.43560617612399E-04,58.42809997,0.257213225
Erie,29,3/9/22,68,2022,-3.39344238,0.564092716,4.521627812,0.049979161,56.81018804,0.300041526
Erie,29,3/10/22,69,2022,-4.264378977,0.583821065,5.432021107,0,63.98505513,0.273894508
Erie,29,3/11/22,70,2022,-5.916776848,1.083803904,8.084384656,9.325475078,69.90773393,0.293408409
Erie,29,3/12/22,71,2022,-9.525145355,-6.845856567,-4.166567779,1.194467516,69.003477,0.118409101
Erie,29,3/13/22,72,2022,-8.712333819,-3.957727639,0.796878541,0.909836222,67.02740535,0.182747875
Erie,29,3/14/22,73,2022,-2.405541787,4.809644367,12.02483052,0,55.87386346,0.51528611
Erie,29,3/15/22,74,2022,-0.442124803,4.14503463,8.732194062,0.552580236,60.76123426,0.37071132
Erie,29,3/16/22,75,2022,-0.671079732,7.471757283,15.6145943,0,67.64589307,0.519356751
Erie,29,3/17/22,76,2022,4.832799564,12.60437835,20.37595713,0,58.95756158,0.838923756
Erie,29,3/18/22,77,2022,5.618243004,13.20647324,20.79470349,2.975500528,57.46523426,0.880085826
Erie,29,3/19/22,78,2022,2.336192772,10.56764659,18.79910041,7.839826505,70.26311599,0.529862303
Erie,29,3/20/22,79,2022,0.233014574,4.217381216,8.201747858,2.042500117,71.65976686,0.265191491
Erie,29,3/21/22,80,2022,-1.758726161,5.514498893,12.78772395,1.227966531,62.86494212,0.483765918
Erie,29,3/22/22,81,2022,-0.69879669,4.066518371,8.831833433,1.255880585,51.49838069,0.443659096
Erie,29,3/23/22,82,2022,2.411442209,6.432748994,10.45405578,10.23182567,57.54437321,0.44420339
Erie,29,3/24/22,83,2022,3.410534466,9.030277047,14.65001963,0.121896855,73.91838349,0.39435081
Erie,29,3/25/22,84,2022,1.488676648,3.714357681,5.940038715,2.352685196,80.01090825,0.15781896
Erie,29,3/26/22,85,2022,-4.835724423,0.580463558,5.996651539,5.207952943,78.43180611,0.14630293
Erie,29,3/27/22,86,2022,-9.84701251,-6.185536384,-2.524060257,2.176500825,78.43355136,0.093420139
Erie,29,3/28/22,87,2022,-10.19754716,-8.163318087,-6.129089017,0.189915254,49.22029823,0.1694131
Erie,29,3/29/22,88,2022,-6.752847823,-2.963120326,0.826607172,0,48.66581476,0.270995508
Erie,29,3/30/22,89,2022,-3.039546787,6.396433837,15.83241446,0.211461698,51.37393287,0.724974143
Erie,29,3/31/22,90,2022,0.96555059,10.451752,19.9379534,2.81126719,65.91678089,0.697833471
Erie,29,4/1/22,91,2022,-2.625530451,0.052504829,2.730540108,1.979424525,73.47979342,0.164164647
Erie,29,4/2/22,92,2022,-2.097153245,2.521646273,7.140445791,0.011728748,58.50211714,0.34062318
Erie,29,4/3/22,93,2022,-1.529004306,1.007033955,3.543072216,1.018418979,71.12869128,0.189696208
Erie,29,4/4/22,94,2022,-0.434033561,3.761881612,7.957796785,0,59.20840293,0.355213722
Erie,29,4/5/22,95,2022,3.523022165,10.34188672,17.16075128,0,57.47694852,0.686260788
Erie,29,4/6/22,96,2022,5.946303571,11.98399718,18.0216908,14.76100245,71.2783682,0.531019742
Erie,29,4/7/22,97,2022,1.79264886,6.460164841,11.12768082,3.270486704,82.75455059,0.149835445
Erie,29,4/8/22,98,2022,1.533117916,5.253212359,8.973306801,1.531757766,65.72003464,0.324548714
Erie,29,4/9/22,99,2022,0.039657367,4.116249895,8.192842423,1.162451956,66.61586427,0.300344701
Erie,29,4/10/22,100,2022,-2.20306327,1.669560711,5.542184692,0.221350397,71.99102671,0.213920748
Erie,29,4/11/22,101,2022,1.975215727,10.26709625,18.55897678,10.12947317,63.10887462,0.690459858
Erie,29,4/12/22,102,2022,5.878412418,11.4569152,17.03541799,0,61.66050465,0.614899429
Erie,29,4/13/22,103,2022,12.25812973,17.39781116,22.53749259,2.975100713,63.26429353,0.835376424
Erie,29,4/14/22,104,2022,4.275453257,10.7702726,17.26509195,0.623150309,71.59505267,0.512900386
Erie,29,4/15/22,105,2022,1.235214402,7.624659218,14.01410403,7.998762012,69.11170792,0.437638347
Erie,29,4/16/22,106,2022,-2.554869349,2.85701734,8.26890403,4.141932038,78.98346731,0.169081059
Erie,29,4/17/22,107,2022,-3.427321471,1.447730242,6.322781956,0.047740851,55.47948637,0.341880803
Erie,29,4/18/22,108,2022,-1.183014899,3.089194149,7.361403197,5.802573306,66.52191589,0.285536346
Erie,29,4/19/22,109,2022,0.018959708,1.888401556,3.757843404,4.272575296,71.16583805,0.19381578
Erie,29,4/20/22,110,2022,1.237274312,6.413413026,11.58955174,0.023905158,50.72183975,0.533430169
Erie,29,4/21/22,111,2022,1.536677927,7.729447885,13.92221784,3.260531636,73.57128323,0.373264384
Erie,29,4/22/22,112,2022,3.408288527,8.483895622,13.55950272,0,57.77180599,0.533134554
Erie,29,4/23/22,113,2022,7.306094355,14.11311126,20.92012816,0,51.46645919,0.95559423
Erie,29,4/24/22,114,2022,12.04603931,19.67410442,27.30216953,0.087343512,59.38293633,1.242909492
Erie,29,4/25/22,115,2022,7.816529482,16.57546692,25.33440436,21.69277718,73.0263266,0.634820241
Erie,29,4/26/22,116,2022,-0.542087899,4.64408259,9.830253078,6.930905689,83.57181153,0.093921212
Erie,29,4/27/22,117,2022,-1.79102111,0.502376619,2.795774348,1.686318513,74.61953035,0.158102685
Erie,29,4/28/22,118,2022,-1.491141209,3.666904365,8.824949938,0,49.93180177,0.447579227
Erie,29,4/29/22,119,2022,-0.02688057,6.398554882,12.82399033,0,43.58913794,0.64039194
Erie,29,4/30/22,120,2022,2.476181304,9.042428401,15.6086755,0,45.47725966,0.750010809
Erie,29,5/1/22,121,2022,7.637164064,11.69956769,15.76197131,11.23443913,60.60547158,0.566059644
Erie,29,5/2/22,122,2022,5.70060134,9.385837768,13.0710742,0.065815594,82.55553871,0.214341088
Erie,29,5/3/22,123,2022,6.933351244,12.1765335,17.41971576,10.0774209,74.95654682,0.426480756
Erie,29,5/4/22,124,2022,3.329543486,8.314439339,13.29933519,3.642151238,86.07627242,0.085860978
Erie,29,5/5/22,125,2022,5.00413414,11.00311116,17.00208819,0,66.6448812,0.544511044
Erie,29,5/6/22,126,2022,6.198912963,10.30071893,14.4025249,0,68.33133618,0.420112376
Erie,29,5/7/22,127,2022,1.392291058,8.148329679,14.9043683,0,62.50618322,0.532189528
Erie,29,5/8/22,128,2022,3.731356097,10.84232389,17.95329168,0,51.05660453,0.789136937
Erie,29,5/9/22,129,2022,7.894989605,15.38909722,22.88320484,0,45.03821947,1.170833428
Erie,29,5/10/22,130,2022,9.83209365,17.99840118,26.16470871,0,45.2037403,1.421522053
Erie,29,5/11/22,131,2022,10.47897449,18.80615841,27.13334233,0,55.90320011,1.294665414
Erie,29,5/12/22,132,2022,13.97477815,21.69214589,29.40951363,0,47.37060933,1.666338585
Erie,29,5/13/22,133,2022,15.72282918,22.15881004,28.59479091,0.026767108,59.20059725,1.289458331
Erie,29,5/14/22,134,2022,15.08829831,20.85259847,26.61689864,5.535897865,62.95607276,1.052278442
Erie,29,5/15/22,135,2022,13.7169037,19.53022531,25.34354693,3.65848023688182E-04,70.18627151,0.817209675
Erie,29,5/16/22,136,2022,8.113009851,12.87702903,17.64104822,9.459642497,81.75504446,0.295319615
Erie,29,5/17/22,137,2022,3.848031017,9.291109404,14.73418779,0,77.86288149,0.320382366
Erie,29,5/18/22,138,2022,6.431883714,11.25249299,16.07310227,3.883390197,66.2892188,0.505780239
Erie,29,5/19/22,139,2022,11.18179227,15.11652519,19.05125811,1.505841217,67.97810098,0.568970531
Erie,29,5/20/22,140,2022,16.55444505,21.09627545,25.63810585,1.095703983,68.16731942,0.854915176
Erie,29,5/21/22,141,2022,15.38512849,21.76786816,28.15060782,17.60099873,77.42077111,0.719410784
Erie,29,5/22/22,142,2022,6.419205852,14.16198028,21.9047547,2.437297969,79.24596546,0.292077153
Erie,29,5/23/22,143,2022,5.829181431,11.22108734,16.61299325,0,62.30862374,0.576834871
Erie,29,5/24/22,144,2022,8.573056224,14.92709998,21.28114374,0,61.2529292,0.802096598
Erie,29,5/25/22,145,2022,13.91326522,18.589853,23.26644078,0,59.62646936,0.920536114
Erie,29,5/26/22,146,2022,15.91841938,20.97934391,26.04026844,18.51549525,63.89856674,0.98489526
Erie,29,5/27/22,147,2022,13.46905101,17.68190396,21.89475691,5.781496136,79.15020601,0.449621338
Erie,29,5/28/22,148,2022,10.96174304,15.18441325,19.40708346,0.999533813,79.52596823,0.384567234
Erie,29,5/29/22,149,2022,14.32259622,19.34722851,24.37186079,0,59.76460865,0.987237464
Erie,29,5/30/22,150,2022,16.83264725,22.82631737,28.81998749,0,66.66107647,1.104172677
Erie,29,5/31/22,151,2022,18.97713918,24.00403079,29.0309224,0,67.04149395,1.083108622
Erie,29,6/1/22,152,2022,11.8049024,19.24998337,26.69506434,7.532441628,79.5276082,0.400789738
Erie,29,6/2/22,153,2022,9.223750308,15.4561645,21.68857868,0.061119774,77.53306736,0.460679673
Erie,29,6/3/22,154,2022,8.964227001,15.68266923,22.40111146,0,68.37146536,0.740439171
Erie,29,6/4/22,155,2022,7.765253556,13.16612205,18.56699055,0,62.01785103,0.652614964
Erie,29,6/5/22,156,2022,13.47370744,18.40139875,23.32909007,1.34298642282566E-04,46.9468416,1.181129956
Erie,29,6/6/22,157,2022,16.6193755,21.75269931,26.88602312,8.318241421,57.14912235,1.198629379
Erie,29,6/7/22,158,2022,10.87192851,15.28941589,19.70690327,10.63547801,85.71352988,0.186088359
Erie,29,6/8/22,159,2022,12.19947917,16.8614923,21.52350542,16.77213382,69.5111421,0.635343849
Erie,29,6/9/22,160,2022,9.976256647,14.32501381,18.67377098,4.945982625,76.56957941,0.415462712
Erie,29,6/10/22,161,2022,11.60142125,16.18405187,20.76668249,0.066318829,65.75951522,0.673863636
Erie,29,6/11/22,162,2022,14.17647023,18.86407783,23.55168542,0.525629424,57.04934254,0.987315726
Erie,29,6/12/22,163,2022,13.54647364,18.06270356,22.57893348,1.746363901,73.71077716,0.586260168
Erie,29,6/13/22,164,2022,14.09680207,19.10318862,24.10957516,0.099032126,64.50649871,0.856250598
Erie,29,6/14/22,165,2022,14.28729075,20.56491171,26.84253267,0,58.87376003,1.161650488
Erie,29,6/15/22,166,2022,19.92993228,25.97010638,32.01028048,0.778567792,64.31360075,1.398926845
Erie,29,6/16/22,167,2022,19.17404118,24.94155187,30.70906256,0.387562713,77.6522607,0.845938623
Erie,29,6/17/22,168,2022,10.51171586,17.85133795,25.19096004,0.001779843,74.90713946,0.643570338
Erie,29,6/18/22,169,2022,8.519489229,13.4727768,18.42606437,0,60.45287807,0.668682331
Erie,29,6/19/22,170,2022,9.779181398,15.09666933,20.41415726,0,53.62259533,0.871821368
Erie,29,6/20/22,171,2022,12.78115931,17.84665225,22.91214519,4.996429493,58.83715665,0.913039625
Erie,29,6/21/22,172,2022,17.52336259,23.20623796,28.88911333,1.38929629947483E-04,67.76738093,1.070184152
Erie,29,6/22/22,173,2022,13.67882174,22.41867494,31.15852814,9.501677921,76.02159962,0.690680603
Erie,29,6/23/22,174,2022,13.50230864,19.3076618,25.11301497,0,76.72556263,0.646835183
Erie,29,6/24/22,175,2022,13.00963608,19.71868237,26.42772865,0,71.42510552,0.866806933
Erie,29,6/25/22,176,2022,16.79632668,23.94798388,31.09964108,0,57.8554894,1.541907504
Erie,29,6/26/22,177,2022,14.83839769,21.87237335,28.906349,3.017909594,75.59533202,0.795506706
Erie,29,6/27/22,178,2022,10.190932,16.24685901,22.30278602,0,74.53774724,0.595062592
Erie,29,6/28/22,179,2022,10.75934271,16.45557251,22.15180232,0,62.12256222,0.814690418
Erie,29,6/29/22,180,2022,13.08013339,18.35282093,23.62550848,0.061028697,63.48378153,0.856410366
Erie,29,6/30/22,181,2022,17.43506602,22.87431257,28.31355913,0,61.10942726,1.202748953
Erie,29,7/1/22,182,2022,17.55186104,23.23836024,28.92485944,10.26132511,73.49682564,0.897397848
Erie,29,7/2/22,183,2022,13.31520591,19.67156467,26.02792342,0,74.74649088,0.718193141
Erie,29,7/3/22,184,2022,12.67247588,19.01224662,25.35201736,0,60.01216476,1.039528723
Erie,29,7/4/22,185,2022,19.26141107,23.48225402,27.70309696,0,52.94400826,1.385391549
Erie,29,7/5/22,186,2022,16.96696824,20.81762485,24.66828146,2.245101182,81.1287952,0.452324908
Erie,29,7/6/22,187,2022,13.45339844,18.63352668,23.81365493,0,81.65110353,0.350499375
Erie,29,7/7/22,188,2022,14.86911735,21.09607354,27.32302973,0,66.6997662,1.005420264
Erie,29,7/8/22,189,2022,14.44245325,20.94005242,27.4376516,0,71.94226272,0.895040212
Erie,29,7/9/22,190,2022,9.193982211,16.86864211,24.54330202,0,70.3620919,0.80103734
Erie,29,7/10/22,191,2022,11.68552152,19.52832781,27.3711341,0,60.23899905,1.201752983
Erie,29,7/11/22,192,2022,17.66001404,23.30638739,28.95276075,1.351246507,61.51352105,1.24708217
Erie,29,7/12/22,193,2022,16.32941472,21.8419287,27.35444268,0.908443839,76.56510344,0.724562914
Erie,29,7/13/22,194,2022,13.58242466,19.60315202,25.62387938,0.393925689,73.66541806,0.740790504
Erie,29,7/14/22,195,2022,12.8075585,18.97642648,25.14529446,0,67.65303547,0.867048982
Erie,29,7/15/22,196,2022,14.68713381,20.67722235,26.6673109,0,57.39703699,1.17797117
Erie,29,7/16/22,197,2022,15.40277645,22.94108056,30.47938467,0,51.67198343,1.646041427
Erie,29,7/17/22,198,2022,18.18013211,23.54869684,28.91726156,34.25616928,64.6243429,1.135305265
Erie,29,7/18/22,199,2022,18.70584486,21.58814388,24.4704429,9.382132117,78.31441954,0.514147201
Erie,29,7/19/22,200,2022,21.12048956,25.30539665,29.49030375,0.027773576,71.15046102,0.955132678
Erie,29,7/20/22,201,2022,21.37147224,26.61974836,31.86802447,4.73721617,70.63374493,1.13439203
Erie,29,7/21/22,202,2022,18.90716304,23.16532446,27.42348589,0.003936339,75.96314093,0.712200956
Erie,29,7/22/22,203,2022,19.17604629,23.87111889,28.56619149,0,70.79828349,0.925571079
Erie,29,7/23/22,204,2022,19.52300407,24.94057357,30.35814308,0.204360847,65.40916383,1.209701149
Erie,29,7/24/22,205,2022,19.17303036,24.346001,29.51897165,24.95200447,74.94789299,0.854098267
Erie,29,7/25/22,206,2022,12.1831412,18.18273404,24.18232688,0,79.12979249,0.424316233
Erie,29,7/26/22,207,2022,14.03200806,19.71229874,25.39258941,0,63.75216434,0.948940275
Erie,29,7/27/22,208,2022,17.89532305,22.23224477,26.5691665,4.68002962,66.85173499,0.933092725
Erie,29,7/28/22,209,2022,16.24022493,21.50315466,26.76608439,14.26320838,77.9848303,0.622693539
Erie,29,7/29/22,210,2022,15.42532054,20.44108759,25.45685464,0.001560643,68.07701876,0.842618824
Erie,29,7/30/22,211,2022,14.64647054,19.50391201,24.36135348,0,69.06320464,0.766096075
Erie,29,7/31/22,212,2022,16.28702005,21.63819397,26.98936789,0,67.3402888,0.948671985
Erie,29,8/1/22,213,2022,18.23807702,22.99694434,27.75581165,2.802630392,71.30472591,0.880447662
Erie,29,8/2/22,214,2022,14.26398983,19.24076775,24.21754567,0,80.46889659,0.397810006
Erie,29,8/3/22,215,2022,17.94696146,24.68623508,31.4255087,0.025434928,66.3780698,1.284251866
Erie,29,8/4/22,216,2022,20.90881214,23.94404044,26.97926875,2.821913829,77.52599387,0.63246832
Erie,29,8/5/22,217,2022,19.43161487,24.51963677,29.60765867,8.537716296,71.07094685,0.991484697
Erie,29,8/6/22,218,2022,20.75239455,25.59165565,30.43091675,2.321356568,67.78021206,1.141622086
Erie,29,8/7/22,219,2022,21.98594475,26.46509682,30.94424889,0.276463781,68.28917115,1.151110202
Erie,29,8/8/22,220,2022,18.26954107,23.91548987,29.56143867,11.28887015,77.81669152,0.65511292
Erie,29,8/9/22,221,2022,14.58524422,18.33730734,22.08937045,0.0190843,87.05561604,0.137393526
Erie,29,8/10/22,222,2022,14.99825138,20.24667268,25.49509399,0,69.00385977,0.837159968
Erie,29,8/11/22,223,2022,11.90591265,18.59141869,25.27692474,0,67.81208648,0.887814022
Erie,29,8/12/22,224,2022,9.751454119,17.10672586,24.46199761,0,58.38841019,1.042193233
Erie,29,8/13/22,225,2022,11.49110648,18.55392561,25.61674473,0,55.60779466,1.168293643
Erie,29,8/14/22,226,2022,14.79722012,20.93577277,27.07432542,0,56.17906257,1.247917906
Erie,29,8/15/22,227,2022,16.06756342,21.03246958,25.99737574,0.800748677,59.48580831,1.088221388
Erie,29,8/16/22,228,2022,14.266339,19.03472331,23.80310762,4.83022336,70.05468487,0.723555208
Erie,29,8/17/22,229,2022,12.76394045,19.34278912,25.92163779,6.036836401,70.76025612,0.845534495
Erie,29,8/18/22,230,2022,14.25091146,20.52947255,26.80803365,0,66.94293744,0.981627629
Erie,29,8/19/22,231,2022,15.03168664,21.74495601,28.45822539,0,63.13425444,1.186836883
Erie,29,8/20/22,232,2022,17.10363231,23.60544092,30.10724954,3.505083284,58.45913382,1.427357404
Erie,29,8/21/22,233,2022,17.8282359,21.89719987,25.96616383,9.83028046,72.98496706,0.735358052
Erie,29,8/22/22,234,2022,17.58417635,20.7820474,23.97991844,9.6601982,74.99793334,0.59249456
Erie,29,8/23/22,235,2022,15.30752001,20.80071987,26.29391972,1.622917211,75.53067191,0.693096895
Erie,29,8/24/22,236,2022,15.82220836,21.42238764,27.02256692,3.098240218,72.24636618,0.837781448
Erie,29,8/25/22,237,2022,17.21117992,22.68227587,28.15337182,2.128634943,71.08959255,0.921162221
Erie,29,8/26/22,238,2022,13.89831987,19.61120549,25.32409112,4.279336513,78.23444372,0.481243418
Erie,29,8/27/22,239,2022,13.66204575,19.25584983,24.84965392,0,67.70325862,0.838796097
Erie,29,8/28/22,240,2022,18.24989834,23.76682951,29.28376067,0,62.16131896,1.251653417
Erie,29,8/29/22,241,2022,20.94532588,25.81783091,30.69033595,4.254483581,65.78185489,1.223448998
Erie,29,8/30/22,242,2022,15.43156351,19.28129273,23.13102196,21.76989702,85.56869605,0.214363008
Erie,29,8/31/22,243,2022,12.36864146,18.5684902,24.76833895,1.184839681,74.44022014,0.646277615
Erie,29,9/1/22,244,2022,11.74728043,16.90196504,22.05664966,0.027274973,65.72430116,0.760000464
Erie,29,9/2/22,245,2022,14.3826307,21.1674423,27.9522539,0,58.56112208,1.291309335
Erie,29,9/3/22,246,2022,18.5747697,23.94932343,29.32387717,0.632671619,63.68616102,1.223989905
Erie,29,9/4/22,247,2022,17.18936391,19.76494621,22.34052851,11.76931047,84.7205908,0.31843102
Erie,29,9/5/22,248,2022,16.59756389,18.57292432,20.54828474,14.17561478,86.71887171,0.241742024
Erie,29,9/6/22,249,2022,16.43629121,18.13541446,19.83453772,0.615021385,80.29577577,0.373249254
Erie,29,9/7/22,250,2022,13.71369278,18.24068011,22.76766743,0.793754344,78.21554154,0.479177535
Erie,29,9/8/22,251,2022,13.53349583,18.97165723,24.40981862,0,70.26203819,0.773169912
Erie,29,9/9/22,252,2022,14.62455717,20.90623981,27.18792246,0,67.58096242,1.006370077
Erie,29,9/10/22,253,2022,16.72724883,21.94683109,27.16641336,0.094237508,64.96034948,1.047230975
Erie,29,9/11/22,254,2022,18.10765155,19.73047782,21.3533041,2.639442119,73.93420888,0.555175895
Erie,29,9/12/22,255,2022,12.98679809,18.38062951,23.77446093,12.27943071,79.91527286,0.394921504
Erie,29,9/13/22,256,2022,12.48485581,16.56772222,20.65058864,6.768362667,75.42255682,0.501518497
Erie,29,9/14/22,257,2022,9.529808429,16.49066705,23.45152567,0.079693121,75.11353011,0.513855294
Erie,29,9/15/22,258,2022,7.949310096,13.47907984,19.00884957,0,65.49023788,0.635584352
Erie,29,9/16/22,259,2022,10.11879496,16.64247145,23.16614795,0,72.27561147,0.68778284
Erie,29,9/17/22,260,2022,14.84808578,20.42852072,26.00895567,0,69.32363294,0.88140211
Erie,29,9/18/22,261,2022,18.65796661,22.28881873,25.91967084,0.683024344,66.96300626,0.914426298
Erie,29,9/19/22,262,2022,14.20068088,18.89027453,23.57986819,18.10979916,80.19059036,0.445796914
Erie,29,9/20/22,263,2022,13.81592768,18.19854736,22.58116704,0,71.20947743,0.660975751
Erie,29,9/21/22,264,2022,13.65620144,19.62558252,25.5949636,6.258280969,76.80081493,0.584356831
Erie,29,9/22/22,265,2022,5.526175561,11.04981903,16.57346249,1.475180995,79.53361012,0.246889366
Erie,29,9/23/22,266,2022,5.095785121,9.266484963,13.43718481,0.001574536,63.18158712,0.46517497
Erie,29,9/24/22,267,2022,6.56670815,12.07058134,17.57445453,3.366868369,67.68144344,0.554348958
Erie,29,9/25/22,268,2022,10.96025201,14.13330524,17.30635848,26.10156829,76.2220565,0.387536777
Erie,29,9/26/22,269,2022,10.58536823,13.04335642,15.5013446,32.52586086,72.41343386,0.400724131
Erie,29,9/27/22,270,2022,10.42112641,12.88191139,15.34269637,12.48426856,72.01516262,0.403814081
Erie,29,9/28/22,271,2022,8.483380048,11.28890414,14.09442822,1.503382169,78.13993028,0.288893194
Erie,29,9/29/22,272,2022,2.767542948,8.888681242,15.00981954,0,73.00187038,0.394662013
Erie,29,9/30/22,273,2022,4.397109717,10.45413552,16.51116132,0,63.1047546,0.581149103
Erie,29,10/1/22,274,2022,8.631194357,12.85541257,17.07963078,0,63.40593022,0.596336272
Erie,29,10/2/22,275,2022,2.248546847,7.871067606,13.49358837,0.001180902,75.95232787,0.282733211
Erie,29,10/3/22,276,2022,3.05601845,8.681564267,14.30711008,0,63.81706538,0.502047509
Erie,29,10/4/22,277,2022,4.080256272,10.6185174,17.15677853,0,62.36415291,0.63149828
Erie,29,10/5/22,278,2022,6.600255434,13.69133164,20.78240785,0,66.5622567,0.736448187
Erie,29,10/6/22,279,2022,9.371113504,15.08549327,20.79987303,1.896971329,69.72936368,0.656866368
Erie,29,10/7/22,280,2022,3.222552045,7.614560564,12.00656908,0.303669287,80.91902634,0.184884612
Erie,29,10/8/22,281,2022,4.332840522,7.635589234,10.93833795,0,62.51243819,0.412670381
Erie,29,10/9/22,282,2022,7.041069213,11.08283576,15.1246023,2.601258088,59.45015959,0.581023908
Erie,29,10/10/22,283,2022,5.453229095,10.30879108,15.16435306,0.002361804,67.79399602,0.476788407
Erie,29,10/11/22,284,2022,8.391234895,14.76227834,21.13332179,0,56.46619913,0.90090397
Erie,29,10/12/22,285,2022,11.65865187,16.27516447,20.89167707,21.81564187,58.38657182,0.856571526
Erie,29,10/13/22,286,2022,4.355799799,9.739686895,15.12357399,9.18317712,80.43112039,0.187075222
Erie,29,10/14/22,287,2022,5.162743394,10.05305144,14.94335949,0.101748971,56.88112043,0.603793862
Erie,29,10/15/22,288,2022,3.618341859,8.977123002,14.33590414,1.449841773,61.66034951,0.526435061
Erie,29,10/16/22,289,2022,6.158092833,10.96747502,15.77685721,2.164001788,58.08515005,0.62014001
Erie,29,10/17/22,290,2022,1.937547601,6.866780746,11.79601389,7.803860699,74.0642339,0.318331766
Erie,29,10/18/22,291,2022,2.307423016,4.765622195,7.223821374,11.99783579,77.91060924,0.191940384
Erie,29,10/19/22,292,2022,1.831332512,4.184509379,6.537686245,16.08974702,78.46413986,0.179221378
Erie,29,10/20/22,293,2022,0.775242647,3.679152677,6.583062706,1.005106428,74.99093317,0.207784535
Erie,29,10/21/22,294,2022,4.069294749,10.95100862,17.8327225,0,51.2459109,0.801592443
Erie,29,10/22/22,295,2022,8.337201925,15.31364656,22.29009119,0,51.1712956,1.0561126
Erie,29,10/23/22,296,2022,6.963307591,14.92788608,22.89246456,0,57.75016453,0.998087864
Erie,29,10/24/22,297,2022,8.646326259,15.62722956,22.60813287,0,56.97622003,0.981159135
Erie,29,10/25/22,298,2022,11.38421033,17.65426053,23.92431074,0,61.82487592,0.960550312
Erie,29,10/26/22,299,2022,5.418129749,11.00042864,16.58272753,9.686946801,78.79180665,0.253447616
Erie,29,10/27/22,300,2022,-0.428101183,4.428052356,9.284205895,0,76.51450186,0.225188248
Erie,29,10/28/22,301,2022,0.152103851,6.09567447,12.03924509,0,66.2729309,0.412252972
Erie,29,10/29/22,302,2022,1.279502061,8.992467546,16.70543303,0,60.99852416,0.643854683
Erie,29,10/30/22,303,2022,3.217298528,10.20236431,17.1874301,0.226345689,58.21993499,0.687396927
Erie,29,10/31/22,304,2022,8.76082616,12.85436475,16.94790335,1.936112434,68.8005936,0.51703416
Erie,29,11/1/22,305,2022,8.941934759,12.35128554,15.76063633,0.549661169,81.54431831,0.276546673
Erie,29,11/2/22,306,2022,6.243287593,12.19230798,18.14132837,0,68.88189817,0.571178739
Erie,29,11/3/22,307,2022,7.187332664,12.10213893,17.0169452,0,67.35010015,0.540719651
Erie,29,11/4/22,308,2022,12.63294321,17.56397285,22.49500249,0,53.79902613,1.025942332
Erie,29,11/5/22,309,2022,14.45958286,19.81719341,25.17480395,11.79177846,57.61590751,1.117582622
Erie,29,11/6/22,310,2022,10.41044825,13.88960643,17.3687646,0.50799926,80.82421625,0.32399824
Erie,29,11/7/22,311,2022,2.098090589,8.128716837,14.15934309,0,65.81315176,0.481064818
Erie,29,11/8/22,312,2022,-0.357033187,4.695642342,9.74831787,0,60.58851197,0.394060293
Erie,29,11/9/22,313,2022,3.023344265,10.51284929,18.00235432,0.002391133,40.50113393,0.933620508
Erie,29,11/10/22,314,2022,10.36277648,15.4854094,20.60804231,0,40.66853487,1.136546966
Erie,29,11/11/22,315,2022,8.238536152,12.33058749,16.42263882,50.73732741,80.45602475,0.284800792
Erie,29,11/12/22,316,2022,1.863560605,5.354956996,8.846353388,3.123076211,88.61710394,0.030897485
Erie,29,11/13/22,317,2022,-0.768510085,1.346080615,3.460671315,2.759060524,73.39495863,0.178158721
Erie,29,11/14/22,318,2022,-0.185878137,1.372231671,2.930341479,0.003423843,63.26446638,0.24255291
Erie,29,11/15/22,319,2022,-0.10629644,1.779074537,3.664445514,3.158160567,60.68001118,0.269669194
Erie,29,11/16/22,320,2022,-0.894601439,1.497628478,3.889858396,14.49725228,80.33049358,0.134866859
Erie,29,11/17/22,321,2022,-2.96546579,-0.749524127,1.466417536,21.28211966,76.86387209,0.133865794
Erie,29,11/18/22,322,2022,-5.936528698,-2.452422965,1.031682768,27.82250969,78.42074819,0.1208379
Erie,29,11/19/22,323,2022,-7.198893095,-4.477809234,-1.756725374,9.089878143,77.60738566,0.102217626
Erie,29,11/20/22,324,2022,-7.774967921,-5.450036725,-3.125105529,0.257983052,69.23431502,0.128332227
Erie,29,11/21/22,325,2022,-4.996732366,0.57852365,6.153779667,0,59.45801387,0.321610351
Erie,29,11/22/22,326,2022,-2.134943431,2.493779786,7.122503002,0,63.28406302,0.310899648
Erie,29,11/23/22,327,2022,-2.00216838,2.739803517,7.481775413,2.17656420251056E-04,76.22917072,0.21167225
Erie,29,11/24/22,328,2022,0.108301834,5.525690215,10.9430786,2.958319575,71.83738966,0.32528998
Erie,29,11/25/22,329,2022,0.171775407,4.376830267,8.581885128,0.163549499,78.06960298,0.209833746