district,COUNTYFP,date,doy,year,tminc,tmeanc,tmaxc,pr,rmean,vpd
Suffolk,103,1/1/21,1,2021,-0.979980529,3.457675681,7.895331892,17.74513459,61.18923333,0.349848256
Suffolk,103,1/2/21,2,2021,0.693909749,6.171590832,11.64927192,0.06680942,67.20728232,0.395486308
Suffolk,103,1/3/21,3,2021,1.500360382,2.939961516,4.37956265,2.273991595,72.31066983,0.205764289
Suffolk,103,1/4/21,4,2021,-1.185997309,2.581103782,6.348204873,0.009856836,66.4430156,0.275792969
Suffolk,103,1/5/21,5,2021,-0.300507249,2.506699507,5.313906264,0,61.18621236,0.296703052
Suffolk,103,1/6/21,6,2021,0.102060493,2.385875772,4.669691051,0,54.77785354,0.33230122
Suffolk,103,1/7/21,7,2021,-2.523025098,1.353174617,5.229374331,0,52.06084971,0.349825764
Suffolk,103,1/8/21,8,2021,-3.097828246,0.360361034,3.818550315,0,52.95042128,0.314307683
Suffolk,103,1/9/21,9,2021,-2.544024135,-0.007873103,2.528277929,0,50.711419,0.30738718
Suffolk,103,1/10/21,10,2021,-5.471668656,-0.40238297,4.666902717,0,54.25370245,0.319404774
Suffolk,103,1/11/21,11,2021,-4.445743468,-0.76886664,2.908010187,0,65.59774191,0.221787309
Suffolk,103,1/12/21,12,2021,-3.633261088,1.239959244,6.113179576,0,60.10224253,0.317465178
Suffolk,103,1/13/21,13,2021,-1.500484656,1.910413044,5.321310745,0,57.11688258,0.321608666
Suffolk,103,1/14/21,14,2021,0.046109655,4.11854707,8.190984484,0,69.37096715,0.289831637
Suffolk,103,1/15/21,15,2021,3.214726395,5.917345191,8.619963986,31.20181208,64.02738794,0.346696557
Suffolk,103,1/16/21,16,2021,1.578289926,5.361095077,9.143900229,2.182691205,75.47014209,0.252399932
Suffolk,103,1/17/21,17,2021,1.426748962,4.089253255,6.751757547,0.002365455,54.78960042,0.379680894
Suffolk,103,1/18/21,18,2021,-0.789960091,3.331405979,7.452772049,0,57.47583972,0.366229419
Suffolk,103,1/19/21,19,2021,-0.913062834,2.335589209,5.584241251,0.059811228,53.76548908,0.35237257
Suffolk,103,1/20/21,20,2021,-6.855897888,-1.217413226,4.421071436,0.155362473,61.69887327,0.274277455
Suffolk,103,1/21/21,21,2021,-5.925432977,-0.506494005,4.912444968,0,61.3728442,0.285857053
Suffolk,103,1/22/21,22,2021,-1.789087683,2.860944444,7.510976571,0,55.15361677,0.382356795
Suffolk,103,1/23/21,23,2021,-5.993303642,-2.691018797,0.611266047,0,45.40353703,0.287858492
Suffolk,103,1/24/21,24,2021,-5.745977752,-3.019270306,-0.29256286,0,42.71142401,0.287741069
Suffolk,103,1/25/21,25,2021,-4.888346605,-1.173553953,2.541238698,0,42.7600025,0.341511654
Suffolk,103,1/26/21,26,2021,-0.600266731,0.704139785,2.008546302,3.928598814,62.93942369,0.235317247
Suffolk,103,1/27/21,27,2021,-1.05579153,0.903373524,2.862538579,0,68.63861224,0.2059611
Suffolk,103,1/28/21,28,2021,-10.04787429,-4.623180241,0.801513806,0,70.5611728,0.157913993
Suffolk,103,1/29/21,29,2021,-10.56428387,-8.157949951,-5.751616027,0,57.06431826,0.147570615
Suffolk,103,1/30/21,30,2021,-9.919351684,-5.827745434,-1.736139185,0,49.38431343,0.222075957
Suffolk,103,1/31/21,31,2021,-8.031923918,-3.937730724,0.156462469,5.312046813,55.86612494,0.226468746
Suffolk,103,2/1/21,32,2021,-0.415172808,1.67499491,3.765162627,28.64670455,73.77210419,0.187916777
Suffolk,103,2/2/21,33,2021,-0.596711318,1.559140935,3.714993187,1.924095178,72.69960419,0.194373695
Suffolk,103,2/3/21,34,2021,-0.535183306,1.367048441,3.269280189,0.015676938,56.94750085,0.295024507
Suffolk,103,2/4/21,35,2021,-1.438516039,2.445343558,6.329203155,0.009264699,54.36144181,0.366872188
Suffolk,103,2/5/21,36,2021,-0.500020407,4.019879505,8.539779418,0.720202996,67.09155934,0.319634671
Suffolk,103,2/6/21,37,2021,-0.820099554,3.600520315,8.021140185,0,51.43557934,0.429204632
Suffolk,103,2/7/21,38,2021,-7.046455009,-1.484611236,4.077232538,11.62849447,77.66471242,0.113106939
Suffolk,103,2/8/21,39,2021,-8.192809475,-4.281434751,-0.370060026,6.02186120114313E-04,58.90574925,0.207121798
Suffolk,103,2/9/21,40,2021,-4.826486796,-0.888326136,3.049834524,0.620949737,77.06689342,0.1488417
Suffolk,103,2/10/21,41,2021,-4.380732048,-1.204412331,1.971907387,3.525886276,57.80754472,0.253207277
Suffolk,103,2/11/21,42,2021,-6.654679863,-2.531314757,1.592050349,0.042868076,60.63902703,0.228454568
Suffolk,103,2/12/21,43,2021,-6.660393306,-3.282926861,0.094539584,3.43222907533105E-04,48.40119396,0.264611324
Suffolk,103,2/13/21,44,2021,-2.889662961,-1.230236769,0.429189423,0.484037046,53.77646136,0.260898022
Suffolk,103,2/14/21,45,2021,-0.073191355,1.939283946,3.951759248,0.031989302,61.92038739,0.272723135
Suffolk,103,2/15/21,46,2021,0.964929585,4.838096201,8.711262818,12.55980426,56.54492888,0.411971132
Suffolk,103,2/16/21,47,2021,-3.051037617,4.611746279,12.27453017,2.024905305,67.51493996,0.396573721
Suffolk,103,2/17/21,48,2021,-3.469624768,-0.956234342,1.557156084,0.001557644,45.26827667,0.32199054
Suffolk,103,2/18/21,49,2021,-2.962025869,-1.408219491,0.145586887,13.39174023,63.5087746,0.202907809
Suffolk,103,2/19/21,50,2021,-1.322975672,0.088844433,1.500664538,6.816761492,71.38358339,0.177155967
Suffolk,103,2/20/21,51,2021,-4.535016491,-1.104906784,2.325202924,0.234812386,61.53780068,0.237247257
Suffolk,103,2/21/21,52,2021,-6.361477736,-1.640165577,3.081146583,0,52.78437658,0.296941143
Suffolk,103,2/22/21,53,2021,0.542282183,3.933479162,7.324676142,9.711210386,61.66807422,0.337157437
Suffolk,103,2/23/21,54,2021,1.31086172,4.290559594,7.270257468,0,60.79142714,0.345633108
Suffolk,103,2/24/21,55,2021,-1.344416751,0.358004658,2.060426067,11.2250143,84.51452847,0.099036657
Suffolk,103,2/25/21,56,2021,-5.6236246,-0.58581915,4.451986299,7.577741519,75.19525985,0.170323047
Suffolk,103,2/26/21,57,2021,-5.4962265,-1.706400266,2.083425968,1.90164043362936E-04,67.26149995,0.202267358
Suffolk,103,2/27/21,58,2021,-2.789881544,2.70486058,8.199602703,0,74.76235365,0.220468686
Suffolk,103,2/28/21,59,2021,-5.654140291,-2.357953891,0.93823251,0,93.68634667,0.001658215
Suffolk,103,3/1/21,60,2021,0.17150774,3.954620553,7.737733365,0.389147511,72.08656152,0.256364931
Suffolk,103,3/2/21,61,2021,-5.918691233,-2.086259854,1.746171525,0,49.96164868,0.289456488
Suffolk,103,3/3/21,62,2021,-0.932100716,4.468802135,9.869704987,0.007096366,56.54255153,0.449630258
Suffolk,103,3/4/21,63,2021,-3.831516,1.944102025,7.719720051,0,58.26679091,0.374844931
Suffolk,103,3/5/21,64,2021,-1.979954196,0.881903324,3.743760845,0,40.20514529,0.407777706
Suffolk,103,3/6/21,65,2021,-3.140840609,-0.547296151,2.046248307,0.001182728,45.07576831,0.33623522
Suffolk,103,3/7/21,66,2021,-3.718035516,0.485000677,4.688036869,0,42.57907544,0.400324591
Suffolk,103,3/8/21,67,2021,-2.965600579,1.714121526,6.393843632,0,45.31780735,0.42769422
Suffolk,103,3/9/21,68,2021,0.056825936,8.467072286,16.87731864,0,56.37496483,0.730747822
Suffolk,103,3/10/21,69,2021,2.170815581,6.331710347,10.49260511,0,64.36857526,0.396938358
Suffolk,103,3/11/21,70,2021,7.16491262,11.38845287,15.61199312,0.046843742,55.77532401,0.66787109
Suffolk,103,3/12/21,71,2021,0.727977868,9.861633731,18.99528959,0,61.12500357,0.781473616
Suffolk,103,3/13/21,72,2021,0.038985429,4.457355383,8.875725337,0,48.6470525,0.485329614
Suffolk,103,3/14/21,73,2021,-5.795196243,2.597373758,10.98994376,0,59.82933662,0.462480864
Suffolk,103,3/15/21,74,2021,-5.662340037,-1.989252923,1.68383419,0,35.66727168,0.365344614
Suffolk,103,3/16/21,75,2021,-3.277051458,-0.152668059,2.971715339,1.57697007652817E-04,47.07680782,0.341294665
Suffolk,103,3/17/21,76,2021,1.111019336,4.536539123,7.96205891,0.00473091,70.50129108,0.283820133
Suffolk,103,3/18/21,77,2021,0.436762209,4.163171107,7.889580006,26.19606914,83.21834613,0.120689847
Suffolk,103,3/19/21,78,2021,-2.904219052,1.670039238,6.244297528,0,52.29770113,0.379902831
Suffolk,103,3/20/21,79,2021,-1.842081182,4.808535895,11.45915297,0,56.24152267,0.505751687
Suffolk,103,3/21/21,80,2021,-1.003803949,6.621099899,14.24600375,0,63.56921516,0.517089252
Suffolk,103,3/22/21,81,2021,2.068729338,7.531969751,12.99521016,0,68.30812231,0.426358589
Suffolk,103,3/23/21,82,2021,4.272359207,10.07313193,15.87390464,5.41117184735065E-04,62.62360924,0.594169074
Suffolk,103,3/24/21,83,2021,6.295950134,10.20092668,14.10590323,12.90925467,64.51315939,0.505648566
Suffolk,103,3/25/21,84,2021,8.753551629,13.11942556,17.48529949,1.069336438,61.56507152,0.667251279
Suffolk,103,3/26/21,85,2021,8.085907279,15.14524422,22.20458117,7.88485038264084E-04,57.35894611,1.001163094
Suffolk,103,3/27/21,86,2021,7.132173315,12.32379736,17.5154214,0,53.29274235,0.784103368
Suffolk,103,3/28/21,87,2021,6.49105722,10.1681677,13.84527817,29.8696503,70.15197378,0.421926298
Suffolk,103,3/29/21,88,2021,-1.089937753,5.36375519,11.81744813,0,65.07071786,0.426504614
Suffolk,103,3/30/21,89,2021,4.716750082,9.030808262,13.34486644,0,56.53258633,0.568572302
Suffolk,103,3/31/21,90,2021,6.380123476,11.00620107,15.63227866,26.39491036,68.86714288,0.492265346
Suffolk,103,4/1/21,91,2021,-0.953910772,4.135760888,9.225432549,0.179364886,78.46968242,0.173853141
Suffolk,103,4/2/21,92,2021,-1.571339119,0.464635897,2.500610914,0,48.81244767,0.331037943
Suffolk,103,4/3/21,93,2021,0.138776479,4.983475198,9.828173917,0,47.70078532,0.5194898
Suffolk,103,4/4/21,94,2021,4.571160394,9.481586844,14.39201329,0,50.5032347,0.670119432
Suffolk,103,4/5/21,95,2021,6.366297682,11.82471536,17.28313305,0,45.03279096,0.876783056
Suffolk,103,4/6/21,96,2021,3.944641753,10.9799606,18.01527944,0,50.08018979,0.84508503
Suffolk,103,4/7/21,97,2021,5.138419621,11.64305219,18.14768477,0,57.44658979,0.756281288
Suffolk,103,4/8/21,98,2021,5.878552912,12.60771177,19.33687062,0,60.98614928,0.766682874
Suffolk,103,4/9/21,99,2021,6.7735083,9.914851062,13.05619382,0.005913638,71.82049568,0.381864922
Suffolk,103,4/10/21,100,2021,9.716708268,13.67988549,17.64306271,0.238175045,64.73368435,0.623381208
Suffolk,103,4/11/21,101,2021,6.859060499,10.65060425,14.44214799,10.9036046,79.57131191,0.295036179
Suffolk,103,4/12/21,102,2021,5.456379941,8.582863101,11.70934626,2.38370387,73.53394161,0.325080242
Suffolk,103,4/13/21,103,2021,5.745531509,10.91788268,16.09023386,7.88485038264084E-04,64.09873918,0.575787711
Suffolk,103,4/14/21,104,2021,8.481383229,12.52579628,16.57020933,1.140955611,63.198752,0.619869126
Suffolk,103,4/15/21,105,2021,3.173760398,6.974025912,10.77429143,37.84075459,83.87386389,0.129861706
Suffolk,103,4/16/21,106,2021,3.827466871,6.402419516,8.97737216,2.470301939,73.29977509,0.280777819
Suffolk,103,4/17/21,107,2021,5.797299081,9.027988929,12.25867878,0,61.54252171,0.475959009
Suffolk,103,4/18/21,108,2021,6.488663297,11.18956135,15.8904594,0,63.1622258,0.575623829
Suffolk,103,4/19/21,109,2021,5.826405137,11.63845271,17.45050028,0,65.47973277,0.600479586
Suffolk,103,4/20/21,110,2021,10.01268046,14.15357133,18.29446221,5.91363793384741E-04,58.66556815,0.749962815
Suffolk,103,4/21/21,111,2021,1.489320032,8.802231792,16.11514355,5.513117466,73.31167664,0.34188131
Suffolk,103,4/22/21,112,2021,2.84008788,5.949485064,9.058882248,0,46.40331001,0.522977147
Suffolk,103,4/23/21,113,2021,4.981688393,10.36937964,15.75707088,0,52.36740242,0.70465067
Suffolk,103,4/24/21,114,2021,8.435692801,14.28499621,20.13429963,9.039792198,51.92744903,0.932484655
Suffolk,103,4/25/21,115,2021,5.291674564,9.693539581,14.0954046,5.622818915,76.38346499,0.337506301
Suffolk,103,4/26/21,116,2021,5.819359656,10.06461287,14.30986609,0.001182728,51.91587437,0.654775592
Suffolk,103,4/27/21,117,2021,7.529163421,11.71683625,15.90450908,0.016151575,53.37071353,0.710327916
Suffolk,103,4/28/21,118,2021,10.70908893,15.26499569,19.82090246,2.211823402,62.6555365,0.75741253
Suffolk,103,4/29/21,119,2021,11.84058751,15.22751608,18.61444465,4.183288751,69.88677515,0.57565568
Suffolk,103,4/30/21,120,2021,5.377250061,12.24277703,19.108304,0.268857162,68.47531468,0.625547688
Suffolk,103,5/1/21,121,2021,7.037406069,11.94212217,16.84683828,0,58.81552285,0.664190103
Suffolk,103,5/2/21,122,2021,11.13168301,16.80197386,22.4722647,0.005367882,60.67376534,0.919525594
Suffolk,103,5/3/21,123,2021,10.12065589,13.94226175,17.76386761,19.8062082,75.32710332,0.449859925
Suffolk,103,5/4/21,124,2021,9.368422178,13.32891481,17.28940745,0.57669486,78.50022348,0.3823871
Suffolk,103,5/5/21,125,2021,8.807300641,11.06940496,13.33150928,4.792364057,89.42423473,0.123672021
Suffolk,103,5/6/21,126,2021,7.901570784,13.09648955,18.29140832,0.058373402,64.20937002,0.648620227
Suffolk,103,5/7/21,127,2021,7.411231372,11.57000725,15.72878312,0.005125153,71.46619781,0.442768432
Suffolk,103,5/8/21,128,2021,5.916934069,9.669235938,13.42153781,0.090055813,77.64176225,0.282098298
Suffolk,103,5/9/21,129,2021,7.708771526,12.20414658,16.69952163,16.56829366,68.36496889,0.526340498
Suffolk,103,5/10/21,130,2021,8.059266791,11.51755057,14.97583435,0,79.12783585,0.303072697
Suffolk,103,5/11/21,131,2021,7.388845178,12.72865737,18.06846956,0,64.18343238,0.640219536
Suffolk,103,5/12/21,132,2021,6.939132118,13.19948078,19.45982945,0,60.49442423,0.763697607
Suffolk,103,5/13/21,133,2021,8.07671986,13.91977524,19.76283062,0,60.39860735,0.772855785
Suffolk,103,5/14/21,134,2021,10.30693874,16.77373692,23.2405351,0,57.48969098,1.020456779
Suffolk,103,5/15/21,135,2021,10.65510393,17.50112656,24.34714919,0,59.69369782,1.047535058
Suffolk,103,5/16/21,136,2021,9.488574847,16.20085825,22.91314165,6.21511751478865E-04,67.67271252,0.780803327
Suffolk,103,5/17/21,137,2021,11.12994089,17.21679876,23.30365663,0,64.76929603,0.871459393
Suffolk,103,5/18/21,138,2021,13.73360251,19.79343038,25.85325825,0,57.99250316,1.180953139
Suffolk,103,5/19/21,139,2021,10.13927286,19.00799807,27.87672328,0,62.4971379,1.255301174
Suffolk,103,5/20/21,140,2021,9.134982875,15.40269793,21.67041299,0.005519395,69.38028673,0.675517386
Suffolk,103,5/21/21,141,2021,13.84197246,17.56580028,21.28962811,0,64.96584233,0.771830677
Suffolk,103,5/22/21,142,2021,16.43947824,22.35889394,28.27830963,0,60.88591908,1.300383419
Suffolk,103,5/23/21,143,2021,13.93147756,22.09365521,30.25583285,0.049028308,66.79723209,1.302076882
Suffolk,103,5/24/21,144,2021,10.79674924,14.32024257,17.8437359,0,72.35300063,0.492301679
Suffolk,103,5/25/21,145,2021,14.35430198,16.90001378,19.44572557,0,67.96824545,0.640575206
Suffolk,103,5/26/21,146,2021,16.80375395,20.07757267,23.35139138,3.42432322,73.08818281,0.684688471
Suffolk,103,5/27/21,147,2021,12.90310606,19.93874619,26.97438632,0,68.61981242,0.996901486
Suffolk,103,5/28/21,148,2021,7.639220849,12.96794415,18.29666745,47.71800138,74.69479822,0.453468715
Suffolk,103,5/29/21,149,2021,8.388093308,9.471747112,10.55540092,12.0234126,86.643604,0.152097525
Suffolk,103,5/30/21,150,2021,8.821204651,9.845066913,10.86892918,26.82190597,89.97577234,0.109215225
Suffolk,103,5/31/21,151,2021,8.857705786,13.20879805,17.55989031,0,75.14276747,0.42468592
Suffolk,103,6/1/21,152,2021,12.69468478,17.38562278,22.07656078,0,69.8355803,0.703040769
Suffolk,103,6/2/21,153,2021,13.18642011,17.35157494,21.51672978,0.681992395,74.60693306,0.57944002
Suffolk,103,6/3/21,154,2021,15.34634415,17.1957556,19.04516704,3.114732298,79.90624613,0.392647918
Suffolk,103,6/4/21,155,2021,14.86099865,18.64094692,22.4208952,3.037781584,80.10683794,0.487030887
Suffolk,103,6/5/21,156,2021,17.56427777,22.58841313,27.61254849,0,66.83415825,1.070612158
Suffolk,103,6/6/21,157,2021,18.8250354,24.99592258,31.16680976,0,60.93416816,1.505285944
Suffolk,103,6/7/21,158,2021,18.92139043,22.75658956,26.59178868,0,70.9770598,0.890044138
Suffolk,103,6/8/21,159,2021,19.63470256,24.04552093,28.4563393,0.981655353,69.83881151,1.02689646
Suffolk,103,6/9/21,160,2021,19.78648272,24.97485844,30.16323416,0.251179638,68.916626,1.172556699
Suffolk,103,6/10/21,161,2021,12.48953027,19.09257693,25.6956236,3.65640610881286E-04,74.70961065,0.669001793
Suffolk,103,6/11/21,162,2021,15.24302847,18.15457852,21.06612857,0.020657535,71.74510418,0.619698596
Suffolk,103,6/12/21,163,2021,12.75837899,16.48550322,20.21262746,0.228952861,82.25044557,0.315761197
Suffolk,103,6/13/21,164,2021,15.49761574,19.62863734,23.75965893,0.095197199,74.68601902,0.645130487
Suffolk,103,6/14/21,165,2021,17.08060867,19.37043213,21.66025559,5.215404835,79.75522823,0.463862801
Suffolk,103,6/15/21,166,2021,15.97163987,20.632424,25.29320813,0.05160248,76.174772,0.672334843
Suffolk,103,6/16/21,167,2021,11.08402586,17.73839317,24.39276047,0,70.93757909,0.725191012
Suffolk,103,6/17/21,168,2021,12.820534,18.63869987,24.45686574,0,65.57417263,0.894472104
Suffolk,103,6/18/21,169,2021,18.12206705,22.17391604,26.22576503,0.235935593,62.92763836,1.077981013
Suffolk,103,6/19/21,170,2021,17.6771528,23.31540447,28.95365615,7.719071271,72.75710444,0.992516191
Suffolk,103,6/20/21,171,2021,19.67263391,23.47595975,27.2792856,0,69.72771756,0.956822017
Suffolk,103,6/21/21,172,2021,20.34886886,22.62116231,24.89345577,0.001606345,79.88530059,0.564750698
Suffolk,103,6/22/21,173,2021,12.9433229,19.80329668,26.66327047,18.32209769,78.00767464,0.473130515
Suffolk,103,6/23/21,174,2021,11.69152931,17.36995106,23.0483728,0,72.01291439,0.662640806
Suffolk,103,6/24/21,175,2021,15.54237996,19.4301701,23.31796023,1.940409856,72.60247932,0.688881278
Suffolk,103,6/25/21,176,2021,17.17674241,20.03512089,22.89349937,0.0640389,80.39264956,0.484439401
Suffolk,103,6/26/21,177,2021,20.78132798,22.9986818,25.21603563,0.476891978,75.45510114,0.699552032
Suffolk,103,6/27/21,178,2021,21.37995733,24.08652063,26.79308392,0.02188046,75.71518723,0.756482275
Suffolk,103,6/28/21,179,2021,22.00593063,25.80395133,29.60197204,0,71.05212164,1.052325179
Suffolk,103,6/29/21,180,2021,22.76646364,27.11293328,31.45940291,0,68.36303634,1.271401495
Suffolk,103,6/30/21,181,2021,21.56801785,26.2615668,30.95511575,3.155980889,73.41642249,1.069444656
Suffolk,103,7/1/21,182,2021,20.86840731,24.4054129,27.94241849,28.07181863,74.91400151,0.829499079
Suffolk,103,7/2/21,183,2021,15.53319376,19.18017097,22.82714817,9.210045489,82.53496886,0.376378225
Suffolk,103,7/3/21,184,2021,14.1334341,15.61319246,17.09295081,16.52588781,87.15002522,0.212781033
Suffolk,103,7/4/21,185,2021,15.36884303,18.64615245,21.92346188,0.008881279,77.96209193,0.511753449
Suffolk,103,7/5/21,186,2021,18.64118744,21.60533763,24.56948782,0,79.17938833,0.569716686
Suffolk,103,7/6/21,187,2021,20.69051501,24.31199793,27.93348085,11.97902556,77.3498678,0.754319196
Suffolk,103,7/7/21,188,2021,21.44106185,25.90270995,30.36435805,0.035834325,72.86407682,1.02985467
Suffolk,103,7/8/21,189,2021,21.41474147,23.26064759,25.1065537,40.53886215,82.15331714,0.500434671
Suffolk,103,7/9/21,190,2021,20.13453406,23.76419905,27.39386404,23.11017766,79.68611262,0.658307077
Suffolk,103,7/10/21,191,2021,19.17413102,22.17469502,25.17525902,9.66280684147162E-05,82.64656486,0.458938945
Suffolk,103,7/11/21,192,2021,20.50862385,22.28765715,24.06669046,1.221375675,79.86514457,0.533791606
Suffolk,103,7/12/21,193,2021,18.71366168,22.50459991,26.29553815,0.792589782,83.71087763,0.401496343
Suffolk,103,7/13/21,194,2021,18.89331487,20.47185946,22.05040406,0.214837438,90.11840261,0.213016419
Suffolk,103,7/14/21,195,2021,20.4106546,24.18103348,27.95141235,0.046944234,79.10176298,0.694444195
Suffolk,103,7/15/21,196,2021,22.63092284,25.9885977,29.34627256,0,71.27262021,1.025162257
Suffolk,103,7/16/21,197,2021,22.95620081,26.66169815,30.3671955,0.031244106,72.13661358,1.058553437
Suffolk,103,7/17/21,198,2021,22.82697644,26.34514576,29.86331507,2.998165613,75.80080165,0.897022848
Suffolk,103,7/18/21,199,2021,21.24570951,24.45548425,27.66525899,0.123912742,80.2518755,0.649591455
Suffolk,103,7/19/21,200,2021,19.92128062,22.78520045,25.64912029,0.154175107,78.11837258,0.631018228
Suffolk,103,7/20/21,201,2021,20.58596028,24.70602157,28.82608286,0.035704458,76.43356198,0.822533818
Suffolk,103,7/21/21,202,2021,17.74838846,22.6549167,27.56144495,0.932353393,79.19467509,0.574966759
Suffolk,103,7/22/21,203,2021,17.74164271,22.33748328,26.93332384,0,69.51223113,0.936794886
Suffolk,103,7/23/21,204,2021,16.58132935,22.01036582,27.43940229,0.22308947,70.36748972,0.924507353
Suffolk,103,7/24/21,205,2021,19.63961953,22.9468004,26.25398126,1.949083188,69.40979812,0.907167481
Suffolk,103,7/25/21,206,2021,20.40049883,22.75351038,25.10652194,1.571992549,84.78387795,0.417895131
Suffolk,103,7/26/21,207,2021,19.00463386,24.40656907,29.80850428,0,77.32063228,0.752524618
Suffolk,103,7/27/21,208,2021,19.81771438,25.02559305,30.23347173,2.955152974,71.09344085,1.101279118
Suffolk,103,7/28/21,209,2021,18.77960044,22.38136813,25.98313583,0,79.0976294,0.591123666
Suffolk,103,7/29/21,210,2021,20.22232381,22.63008133,25.03783885,6.173660736,81.49583781,0.515455307
Suffolk,103,7/30/21,211,2021,13.59407398,20.87708564,28.1600973,0,74.41715177,0.69452567
Suffolk,103,7/31/21,212,2021,14.8086814,19.24498835,23.6812953,0,63.2107183,0.920490482
Suffolk,103,8/1/21,213,2021,17.15533205,21.03441161,24.91349118,0.764111567,74.09867574,0.715271641
Suffolk,103,8/2/21,214,2021,15.87732181,21.20723532,26.53714883,0,72.71303088,0.810077457
Suffolk,103,8/3/21,215,2021,16.76054699,20.46754964,24.17455228,6.01413097813193E-04,72.03174771,0.73534299
Suffolk,103,8/4/21,216,2021,17.36449659,20.1200808,22.875665,8.840792513,81.14106804,0.46176234
Suffolk,103,8/5/21,217,2021,17.29357432,20.38984904,23.48612375,1.970092459,82.90944448,0.411975077
Suffolk,103,8/6/21,218,2021,19.97420302,24.21227559,28.45034816,0,71.61131841,0.965554102
Suffolk,103,8/7/21,219,2021,19.65320837,24.03923612,28.42526388,1.851347377,73.83814676,0.89628585
Suffolk,103,8/8/21,220,2021,19.42043904,21.56659772,23.71275639,18.02124348,85.56134863,0.346292959
Suffolk,103,8/9/21,221,2021,19.4237086,21.77462808,24.12554756,1.453379661,84.8396605,0.381074504
Suffolk,103,8/10/21,222,2021,21.25636284,23.82596061,26.39555838,0.791235447,78.81298797,0.636181412
Suffolk,103,8/11/21,223,2021,22.4651947,25.66294092,28.86068714,0.210648414,76.46244592,0.816252685
Suffolk,103,8/12/21,224,2021,22.98777519,27.07646412,31.16515306,0.11453518,72.32190903,1.097630446
Suffolk,103,8/13/21,225,2021,23.64924965,27.89187268,32.13449572,0.005577372,69.8403594,1.255761582
Suffolk,103,8/14/21,226,2021,20.27291091,25.58232129,30.89173167,0.023376262,75.62894101,0.92960707
Suffolk,103,8/15/21,227,2021,17.88105328,22.63091962,27.38078596,0,69.16823161,0.970838499
Suffolk,103,8/16/21,228,2021,18.83193431,22.74528366,26.65863301,0,74.25135187,0.778695521
Suffolk,103,8/17/21,229,2021,20.36271481,23.45598211,26.54924942,0,78.35129408,0.645098096
Suffolk,103,8/18/21,230,2021,22.95356176,24.94312776,26.93269376,1.505938381,76.3222292,0.742920487
Suffolk,103,8/19/21,231,2021,21.80385768,24.68500953,27.56616138,0.316889041,81.5230705,0.579887678
Suffolk,103,8/20/21,232,2021,21.48166874,24.73353118,27.98539361,4.33666771045246E-04,77.65657444,0.736998037
Suffolk,103,8/21/21,233,2021,22.5580978,25.16689363,27.77568945,11.99610937,76.6881793,0.764147817
Suffolk,103,8/22/21,234,2021,21.77627913,22.86535418,23.95442923,39.4384518,77.07682236,0.617813731
Suffolk,103,8/23/21,235,2021,21.01820279,23.46458301,25.91096322,14.49029932,82.0193913,0.518803821
Suffolk,103,8/24/21,236,2021,20.63779087,25.40203845,30.16628603,0,73.30763502,0.99981903
Suffolk,103,8/25/21,237,2021,21.87939158,26.27560388,30.67181618,0,70.00113979,1.155366412
Suffolk,103,8/26/21,238,2021,23.24562882,27.64659792,32.04756701,0,67.27975712,1.345361928
Suffolk,103,8/27/21,239,2021,20.91724689,26.43006745,31.94288801,15.30661094,75.26908561,0.99051646
Suffolk,103,8/28/21,240,2021,18.0015653,20.57135659,23.14114787,3.488905539,85.96012328,0.307574094
Suffolk,103,8/29/21,241,2021,18.92108628,21.55870574,24.19632519,0.023460522,79.6426237,0.53884046
Suffolk,103,8/30/21,242,2021,21.38296704,24.59099381,27.79902058,0.018360879,77.96497365,0.724040908
Suffolk,103,8/31/21,243,2021,20.11739168,24.25440127,28.39141087,0.187994932,76.00485716,0.812587081
Suffolk,103,9/1/21,244,2021,15.85447068,19.50773028,23.16098989,89.66050716,85.52788488,0.214641394
Suffolk,103,9/2/21,245,2021,13.718296,18.75689118,23.79548635,0,70.3949474,0.74692251
Suffolk,103,9/3/21,246,2021,14.58973233,18.67247222,22.7552121,0,64.04979673,0.838873239
Suffolk,103,9/4/21,247,2021,16.40128228,20.52726569,24.6532491,0,67.25208151,0.861003386
Suffolk,103,9/5/21,248,2021,19.41590334,21.11635765,22.81681196,2.034804651,76.94547609,0.554191802
Suffolk,103,9/6/21,249,2021,15.35865828,21.0064515,26.65424472,0,75.26960078,0.661775945
Suffolk,103,9/7/21,250,2021,17.87435628,21.6080557,25.34175512,0,68.54332254,0.863374639
Suffolk,103,9/8/21,251,2021,20.55602924,23.33623164,26.11643404,5.837155428,74.72505829,0.727529567
Suffolk,103,9/9/21,252,2021,16.97937766,19.62138901,22.26340036,13.3172052,87.7592222,0.202032282
Suffolk,103,9/10/21,253,2021,12.85025983,17.94463535,23.03901087,0.005322274,73.85337902,0.591509871
Suffolk,103,9/11/21,254,2021,17.63589247,20.62010737,23.60432228,0,63.44132973,0.907290085
Suffolk,103,9/12/21,255,2021,20.70923191,22.97380585,25.23837979,0,71.65539354,0.783836054
Suffolk,103,9/13/21,256,2021,17.42737909,22.58597949,27.74457989,0.843143274,72.13619509,0.889196358
Suffolk,103,9/14/21,257,2021,19.49615033,22.07930836,24.66246639,0,70.09480488,0.795958471
Suffolk,103,9/15/21,258,2021,20.18800413,23.50012518,26.81224623,3.346187463,78.75644326,0.636976083
Suffolk,103,9/16/21,259,2021,19.18180947,21.63533396,24.08885846,0.694268025,80.068367,0.508295325
Suffolk,103,9/17/21,260,2021,18.80627747,21.21828467,23.63029187,1.841251682,80.47007495,0.482544176
Suffolk,103,9/18/21,261,2021,17.71028244,22.34321442,26.9761464,0.008809388,75.93947233,0.734091388
Suffolk,103,9/19/21,262,2021,13.7390717,18.88202653,24.02498136,0.040791732,74.68518067,0.606605261
Suffolk,103,9/20/21,263,2021,12.38065202,17.6662654,22.95187877,0,74.07143311,0.585610302
Suffolk,103,9/21/21,264,2021,17.02241641,20.56332587,24.10423533,8.99800573077837E-04,75.2011179,0.629035111
Suffolk,103,9/22/21,265,2021,21.85753832,23.58268585,25.30783337,1.262130305,73.8482503,0.732132388
Suffolk,103,9/23/21,266,2021,17.40690124,21.92493937,26.44297751,23.99685853,79.21908643,0.500493343
Suffolk,103,9/24/21,267,2021,13.9938196,18.03352294,22.07322629,11.10302716,78.20893433,0.462260942
Suffolk,103,9/25/21,268,2021,15.18165155,19.27827342,23.3748953,0.613289063,72.84146965,0.661638888
Suffolk,103,9/26/21,269,2021,13.81622437,18.01301483,22.20980529,0,70.11734153,0.668306303
Suffolk,103,9/27/21,270,2021,16.76616732,20.46875089,24.17133447,0.006593126,69.12052942,0.793269275
Suffolk,103,9/28/21,271,2021,12.00729141,17.80547273,23.60365406,7.265969913,79.25929254,0.338378813
Suffolk,103,9/29/21,272,2021,11.70872842,15.48355937,19.25839032,1.178856232,62.38719984,0.700237783
Suffolk,103,9/30/21,273,2021,10.22921214,15.11017266,19.99113318,0,60.44764399,0.767184257
Suffolk,103,10/1/21,274,2021,10.44347331,15.85855203,21.27363075,0,55.15080943,0.938943579
Suffolk,103,10/2/21,275,2021,14.1015966,19.48462188,24.86764716,0,60.31732925,1.05110047
Suffolk,103,10/3/21,276,2021,17.55115094,21.77323137,25.9953118,10.13419319,62.34959305,1.072936331
Suffolk,103,10/4/21,277,2021,15.65379568,18.22425712,20.79471857,6.824775411,81.66033988,0.390534159
Suffolk,103,10/5/21,278,2021,14.61337491,17.01279884,19.41222277,0.028085527,73.10067603,0.530112007
Suffolk,103,10/6/21,279,2021,12.9883038,17.88270532,22.77710684,0,69.69720361,0.732682165
Suffolk,103,10/7/21,280,2021,13.91349562,19.15537279,24.39724996,0,67.47304756,0.864523584
Suffolk,103,10/8/21,281,2021,15.76168567,20.3409035,24.92012133,0,66.05332923,0.918007759
Suffolk,103,10/9/21,282,2021,16.51477287,18.76974403,21.02471519,6.01413097813193E-04,68.26388306,0.692208996
Suffolk,103,10/10/21,283,2021,17.30909441,18.6926448,20.07619519,3.469332575,73.9766985,0.548031104
Suffolk,103,10/11/21,284,2021,15.03368895,19.40571632,23.77774369,4.54538433822825E-04,72.62930805,0.708323776
Suffolk,103,10/12/21,285,2021,12.91174426,17.93384387,22.95594348,0,72.69954958,0.657770211
Suffolk,103,10/13/21,286,2021,15.45400062,19.42771842,23.40143621,0,69.48710273,0.763727835
Suffolk,103,10/14/21,287,2021,16.24352466,21.36144776,26.47937085,0,65.26836142,1.030899795
Suffolk,103,10/15/21,288,2021,18.56743265,22.12022615,25.67301965,0,61.8404738,1.076429862
Suffolk,103,10/16/21,289,2021,12.80896183,18.84609463,24.88322744,6.182550515,76.38351963,0.528728063
Suffolk,103,10/17/21,290,2021,10.10395028,14.72209188,19.34023349,0.323458202,61.4433768,0.728608945
Suffolk,103,10/18/21,291,2021,8.48881563,12.81454718,17.14027872,1.161786305,58.12323754,0.685174706
Suffolk,103,10/19/21,292,2021,10.74373353,15.34448494,19.94523635,0,54.46711881,0.876066619
Suffolk,103,10/20/21,293,2021,13.33690894,19.19356475,25.05022057,0,61.88896877,1.034289047
Suffolk,103,10/21/21,294,2021,16.55799763,20.3315425,24.10508737,0,61.78497656,0.977171112
Suffolk,103,10/22/21,295,2021,11.39344483,17.12787012,22.86229542,0,70.02456481,0.740130022
Suffolk,103,10/23/21,296,2021,7.720829708,12.42269052,17.12455134,0.488131755,67.69387418,0.547675281
Suffolk,103,10/24/21,297,2021,8.648111565,13.19660028,17.74508899,2.819041907,60.25486011,0.677915618
Suffolk,103,10/25/21,298,2021,15.53528317,19.28289889,23.03051461,40.48780865,71.98169681,0.682885933
Suffolk,103,10/26/21,299,2021,12.91788839,16.04243745,19.16698651,93.34452089,80.2604161,0.382269832
Suffolk,103,10/27/21,300,2021,10.51176042,12.88039698,15.24903354,0.714131664,73.4511244,0.401302931
Suffolk,103,10/28/21,301,2021,1.06593024,1.353466144,1.641002048,0,99.97022233,0
Suffolk,103,10/29/21,302,2021,1.023172976,1.33479305,1.646413124,0,100,0
Suffolk,103,10/30/21,303,2021,1.04407053,1.320976331,1.597882131,0,100,0
Suffolk,103,10/31/21,304,2021,11.32068891,14.72133288,18.12197686,0.067093119,74.47605521,0.463256981
Suffolk,103,11/1/21,305,2021,5.401063447,10.68360757,15.9661517,0,63.48167544,0.569325922
Suffolk,103,11/2/21,306,2021,3.522117893,8.260311809,12.99850572,0.630754786,62.04305835,0.48398401
Suffolk,103,11/3/21,307,2021,2.156674939,6.812591534,11.46850813,0,54.4290975,0.509377016
Suffolk,103,11/4/21,308,2021,3.091157693,6.731269,10.37138031,0.001828203,57.16473539,0.454790353
Suffolk,103,11/5/21,309,2021,0.803288858,6.011211527,11.2191342,0,57.47440226,0.473828013
Suffolk,103,11/6/21,310,2021,0.338395403,5.808027812,11.27766022,0,61.39661247,0.43905482
Suffolk,103,11/7/21,311,2021,3.886520595,7.837620121,11.78871965,0,62.24334767,0.443802197
Suffolk,103,11/8/21,312,2021,4.606266734,11.00538062,17.40449451,0,62.04580489,0.64772785
Suffolk,103,11/9/21,313,2021,7.842870945,13.43194379,19.02101665,0,66.79902796,0.632303225
Suffolk,103,11/10/21,314,2021,3.741230736,10.76793168,17.79463262,0,69.63808585,0.514117822
Suffolk,103,11/11/21,315,2021,6.07995331,11.36044255,16.64093179,0.481741937,62.43481295,0.610243424
Suffolk,103,11/12/21,316,2021,4.633865966,11.40040946,18.16695296,16.85984448,79.28529549,0.185950279
Suffolk,103,11/13/21,317,2021,3.515799191,9.799620845,16.0834425,4.11998423,72.13329467,0.423391721
Suffolk,103,11/14/21,318,2021,3.909769232,6.996429294,10.08308936,1.641628145,66.61035814,0.356794114
Suffolk,103,11/15/21,319,2021,3.250621638,6.159989513,9.069357389,0.209967378,65.75013115,0.340181972
Suffolk,103,11/16/21,320,2021,-0.548638354,4.463902866,9.476444085,0,65.57024896,0.353214469
Suffolk,103,11/17/21,321,2021,1.815348673,8.233573758,14.65179884,0,68.64954086,0.456648086
Suffolk,103,11/18/21,322,2021,5.408271178,11.38591412,17.36355707,5.326905118,78.27992415,0.257787758
Suffolk,103,11/19/21,323,2021,-0.178033929,4.397771762,8.973577452,0,69.94264772,0.298403397
Suffolk,103,11/20/21,324,2021,0.874997192,5.144178923,9.413360654,0,55.455788,0.43689097
Suffolk,103,11/21/21,325,2021,6.756802002,10.56671629,14.37663058,1.63304448,69.37630077,0.434945499
Suffolk,103,11/22/21,326,2021,0.241777297,5.629048835,11.01632037,1.309666674,79.50519216,0.156790866
Suffolk,103,11/23/21,327,2021,-1.469280563,1.931279246,5.331839055,0,53.28919077,0.347050063
Suffolk,103,11/24/21,328,2021,-1.131079897,2.756993596,6.645067089,0.020106369,52.70221866,0.381102642
Suffolk,103,11/25/21,329,2021,2.461321791,7.266040279,12.07075877,5.010966121,64.14487602,0.434003026
Suffolk,103,11/26/21,330,2021,2.136735094,5.246857073,8.356979052,1.579933054,75.27979722,0.237794637
Suffolk,103,11/27/21,331,2021,-0.485440237,2.604420069,5.694280374,0.018064038,58.41520767,0.322429077
Suffolk,103,11/28/21,332,2021,-0.534477693,1.547568822,3.629615337,0.039628331,73.99232666,0.180342837
Suffolk,103,11/29/21,333,2021,-2.17351249,1.786985873,5.747484237,0.008673335,69.4503255,0.242391349
Suffolk,103,11/30/21,334,2021,-1.177081514,2.130370738,5.437822991,0.01887726,66.34995285,0.259506733
Suffolk,103,12/1/21,335,2021,3.110836149,7.044267459,10.97769877,0.674152381,50.36119528,0.544999611
Suffolk,103,12/2/21,336,2021,5.651774523,9.945495021,14.23921552,0.266143849,73.40450325,0.391106969
Suffolk,103,12/3/21,337,2021,-0.122615136,4.011620505,8.145856146,0,56.40514755,0.399194042
Suffolk,103,12/4/21,338,2021,0.137471167,3.907008655,7.676546143,0,59.97474053,0.360352345
Suffolk,103,12/5/21,339,2021,0.859018513,7.057243062,13.25546761,6.078635167,51.48357628,0.60584955
Suffolk,103,12/6/21,340,2021,3.224481549,8.923389201,14.62229685,1.486523092,77.60657104,0.262751041
Suffolk,103,12/7/21,341,2021,0.994479664,3.864411073,6.734342481,0,48.28278419,0.436319009
Suffolk,103,12/8/21,342,2021,-0.37507965,1.959445403,4.293970457,7.165884108,68.94884303,0.229083346
Suffolk,103,12/9/21,343,2021,-0.541838819,2.080877724,4.703594267,0,54.0198057,0.340327843
Suffolk,103,12/10/21,344,2021,1.921579957,6.664843254,11.40810655,1.799454244,65.95687229,0.403757826
Suffolk,103,12/11/21,345,2021,6.430683727,10.96199695,15.49331018,3.59346253,70.46909595,0.464115195
Suffolk,103,12/12/21,346,2021,2.477888435,5.546785144,8.615681853,0,54.20373766,0.442258235
Suffolk,103,12/13/21,347,2021,2.575943101,6.678156336,10.78036957,0,57.9850457,0.463002271
Suffolk,103,12/14/21,348,2021,-0.608422323,5.164485331,10.93739298,0,59.36958438,0.455871662
Suffolk,103,12/15/21,349,2021,1.938165187,7.414390543,12.8906159,0.999222338,65.86605911,0.448298262
Suffolk,103,12/16/21,350,2021,11.19328568,12.98483265,14.77637962,5.56577687891521E-04,61.3845445,0.587115149
Suffolk,103,12/17/21,351,2021,4.652461318,9.886753022,15.12104473,0.178616597,59.90848008,0.587402945
Suffolk,103,12/18/21,352,2021,4.286818936,6.267974364,8.249129792,2.947664685,68.69840236,0.307828189
Suffolk,103,12/19/21,353,2021,-4.576651441,0.155360341,4.887372122,0.007548585,76.94712791,0.167555234
Suffolk,103,12/20/21,354,2021,-4.480668396,-0.823734991,2.833198414,0,61.67594584,0.24660016
Suffolk,103,12/21/21,355,2021,-0.074185419,3.647777152,7.369739722,1.348528163,59.26986534,0.358815804
Suffolk,103,12/22/21,356,2021,-1.233824875,3.948895582,9.13161604,1.964881493,73.76248281,0.269788887
Suffolk,103,12/23/21,357,2021,-2.934414372,-0.533591194,1.867231984,0.952708679,45.44700717,0.331040338
Suffolk,103,12/24/21,358,2021,-1.283714267,1.120001018,3.523716303,1.94261065,72.73912689,0.193435398
Suffolk,103,12/25/21,359,2021,2.905716875,5.593227241,8.280737607,4.973720259,72.36432724,0.269983535
Suffolk,103,12/26/21,360,2021,-0.122273769,4.016989993,8.156253755,0,66.70981233,0.315675316
Suffolk,103,12/27/21,361,2021,0.17485519,2.528456933,4.882058676,3.059018102,58.18101761,0.319336669
Suffolk,103,12/28/21,362,2021,3.655694536,6.104061636,8.552428737,2.709750928,68.28265507,0.313886616
Suffolk,103,12/29/21,363,2021,4.260069366,5.754705324,7.249341283,1.479843386,72.5001571,0.257843725
Suffolk,103,12/30/21,364,2021,5.711042919,7.028964239,8.346885558,0.916650947,73.70533659,0.266614308
Suffolk,103,12/31/21,365,2021,7.823279319,9.274559853,10.72584039,1.613889694,66.78626693,0.392950325
Suffolk,103,1/1/22,1,2022,9.71632568,11.0240842,12.33184272,23.01456224,64.89320978,0.454867424
Suffolk,103,1/2/22,2,2022,0.335693769,6.683840416,13.03198706,0.02289003,75.5194313,0.269618899
Suffolk,103,1/3/22,3,2022,-6.460592077,-3.062248543,0.336094991,0.359974336,65.4450367,0.184394026
Suffolk,103,1/4/22,4,2022,-6.301304369,-0.177691726,5.945920918,0.129834111,48.36449934,0.388720412
Suffolk,103,1/5/22,5,2022,2.809454373,6.162799433,9.516144493,5.617516743,72.93931382,0.28637351
Suffolk,103,1/6/22,6,2022,-1.370649081,2.111719715,5.594088511,8.509311837,57.6611673,0.322455903
Suffolk,103,1/7/22,7,2022,-6.193475614,-2.409607352,1.37426091,1.999096326,71.16392018,0.170094001
Suffolk,103,1/8/22,8,2022,-7.927848606,-3.607951708,0.711945189,0,53.48701894,0.246971213
Suffolk,103,1/9/22,9,2022,-1.669264978,2.452291095,6.573847168,5.544952924,75.20985519,0.20554274
Suffolk,103,1/10/22,10,2022,-8.015827433,-3.943960942,0.127905548,0.007103323,65.88381605,0.181310277
Suffolk,103,1/11/22,11,2022,-11.33681282,-6.798672287,-2.260531759,0,50.0468435,0.211203057
Suffolk,103,1/12/22,12,2022,-3.855871247,0.79169647,5.439264187,0,60.96953455,0.29663263
Suffolk,103,1/13/22,13,2022,-1.066699063,3.741038872,8.548776808,0,64.48459734,0.340773335
Suffolk,103,1/14/22,14,2022,-11.68949327,-2.622561371,6.44437053,9.49274144106172E-04,73.28203739,0.138356936
Suffolk,103,1/15/22,15,2022,-13.01516694,-10.39581989,-7.776472841,0,61.38547083,0.112396376
Suffolk,103,1/16/22,16,2022,-12.01287057,-1.904749948,8.203370672,28.70442784,63.43649904,0.337704428
Suffolk,103,1/17/22,17,2022,-0.559574022,3.498561728,7.556697477,2.145412873,72.88520419,0.249725268
Suffolk,103,1/18/22,18,2022,-5.220732546,-1.562299615,2.096133316,0,50.73229047,0.29006509
Suffolk,103,1/19/22,19,2022,0.826891165,4.144150738,7.461410311,3.387502507,59.57982674,0.353637778
Suffolk,103,1/20/22,20,2022,-8.675517634,-2.910102272,2.85531309,3.622365142,76.30692495,0.127300597
Suffolk,103,1/21/22,21,2022,-8.715825337,-6.59857997,-4.481334603,0,55.6483702,0.16775792
Suffolk,103,1/22/22,22,2022,-8.470247891,-4.648820941,-0.82739399,0,63.3186847,0.17924607
Suffolk,103,1/23/22,23,2022,-4.155891455,-1.170944864,1.814001727,0.017052149,53.73764075,0.271847374
Suffolk,103,1/24/22,24,2022,-1.980576913,0.955090668,3.890758249,0.424815636,52.51436955,0.323425815
Suffolk,103,1/25/22,25,2022,-5.284687595,-0.09556331,5.093560975,0,71.89142678,0.22306535
Suffolk,103,1/26/22,26,2022,-11.73331705,-7.120028534,-2.506740022,0,54.35080637,0.191916174
Suffolk,103,1/27/22,27,2022,-10.93232754,-5.538721846,-0.145116147,0,57.5924271,0.214719159
Suffolk,103,1/28/22,28,2022,-3.76557771,-1.209288609,1.347000492,14.61567772,63.18609889,0.213409579
Suffolk,103,1/29/22,29,2022,-11.12359031,-7.548787188,-3.973984066,14.76046754,80.50550471,0.069534562
Suffolk,103,1/30/22,30,2022,-12.89602661,-8.376954019,-3.857881423,0,64.97615488,0.138204728
Suffolk,103,1/31/22,31,2022,-11.92833553,-6.292699251,-0.657062971,0,61.81940455,0.189945811
Suffolk,103,2/1/22,32,2022,-5.20221437,-1.143923096,2.914368177,0,69.76033022,0.200664879
Suffolk,103,2/2/22,33,2022,0.986315527,3.958696026,6.931076526,0.139326079,69.72504832,0.264273821
Suffolk,103,2/3/22,34,2022,4.471358649,7.498047269,10.52473589,9.553957899,64.16211705,0.395242342
Suffolk,103,2/4/22,35,2022,-4.602521781,2.866948054,10.33641789,15.60932116,71.11793956,0.269996136
Suffolk,103,2/5/22,36,2022,-9.131584967,-5.350207094,-1.56882922,0,64.68005563,0.166135498
Suffolk,103,2/6/22,37,2022,-8.115476865,-3.570793034,0.973890798,0.308951627,61.54324336,0.215488473
Suffolk,103,2/7/22,38,2022,0.792746057,3.378323746,5.963901435,22.83594253,69.9772252,0.250264529
Suffolk,103,2/8/22,39,2022,,7.296747531,7.296747531,0,73.71754339,0.231174301
Suffolk,103,2/9/22,40,2022,,5.930472671,5.930472671,0,61.05764782,0.308137631
Suffolk,103,2/10/22,41,2022,,11.07890516,11.07890516,0,67.61856028,0.379179126
Suffolk,103,2/11/22,42,2022,,11.84350238,11.84350238,0,60.11613766,0.47150322
Suffolk,103,2/12/22,43,2022,-0.972760197,6.755364442,14.48348908,2.303781638,65.02568795,0.524515619
Suffolk,103,2/13/22,44,2022,-8.048465929,-4.085960709,-0.123455489,6.211824198,81.63288268,0.073242838
Suffolk,103,2/14/22,45,2022,-10.17457439,-7.168198787,-4.161823181,0,57.14604133,0.16523531
Suffolk,103,2/15/22,46,2022,-10.01413816,-5.418452033,-0.822765908,0,49.17853115,0.238927582
Suffolk,103,2/16/22,47,2022,-0.762909829,4.076261123,8.915432075,0.166269076,58.85206675,0.397387407
Suffolk,103,2/17/22,48,2022,8.298887142,10.70282703,13.10676692,14.78137788,53.60126874,0.613141416
Suffolk,103,2/18/22,49,2022,-7.486284526,2.53260553,12.55149559,0.716301544,65.5990756,0.382576335
Suffolk,103,2/19/22,50,2022,-7.802974572,-1.672224804,4.458524963,0.002580356,56.46004696,0.307933167
Suffolk,103,2/20/22,51,2022,-6.079341689,-1.824457026,2.430427636,0,51.70565741,0.289532786
Suffolk,103,2/21/22,52,2022,-1.073486147,4.311619031,9.696724208,0,68.01746675,0.33866754
Suffolk,103,2/22/22,53,2022,2.622506155,7.460103473,12.29770079,10.24280777,69.70428175,0.383013402
Suffolk,103,2/23/22,54,2022,-2.321233258,7.766448714,17.85413069,0,65.03752379,0.570124996
Suffolk,103,2/24/22,55,2022,-2.216082452,-0.507108853,1.201864745,11.91383867,41.25399846,0.34935306
Suffolk,103,2/25/22,56,2022,-6.524530205,-1.646969473,3.230591259,8.364067469,78.6163937,0.112861505
Suffolk,103,2/26/22,57,2022,-6.488486478,-2.629031118,1.230424242,0,55.93358056,0.246850156
Suffolk,103,2/27/22,58,2022,-3.623019478,1.805526237,7.234071952,0,55.44896874,0.377780182
Suffolk,103,2/28/22,59,2022,-5.321949947,-2.211474774,0.899000399,0,39.13411933,0.332950096
Suffolk,103,3/1/22,60,2022,0.068648229,3.614895701,7.161143172,0.336145856,61.56550537,0.341026655
Suffolk,103,3/2/22,61,2022,1.556440208,5.050745007,8.545049806,1.897535594,65.02445509,0.348437949
Suffolk,103,3/3/22,62,2022,-7.177490146,-0.251824479,6.673841188,0,69.19338555,0.257233036
Suffolk,103,3/4/22,63,2022,-6.679920295,-2.519831509,1.640257278,0,51.08836328,0.281254
Suffolk,103,3/5/22,64,2022,-1.651049528,3.638619776,8.928289079,0.008673335,57.9633427,0.412669021
Suffolk,103,3/6/22,65,2022,7.783976226,11.20933438,14.63469253,3.493235257,63.03371364,0.54229967
Suffolk,103,3/7/22,66,2022,4.362721337,9.793458329,15.22419532,0.836343747,73.16567083,0.3985379
Suffolk,103,3/8/22,67,2022,0.47934687,4.616381578,8.753416286,0.65645862,56.50781648,0.419479598
Suffolk,103,3/9/22,68,2022,-1.086134845,1.223107357,3.53234956,13.89867507,80.45851134,0.142249192
Suffolk,103,3/10/22,69,2022,-2.066516568,3.630222101,9.32696077,0,71.14362085,0.295010901
Suffolk,103,3/11/22,70,2022,1.249697409,6.000209028,10.75072065,0.959510522,69.31840549,0.3467819
Suffolk,103,3/12/22,71,2022,-4.979915223,1.975774693,8.931464609,13.82371482,73.83772056,0.20334735
Suffolk,103,3/13/22,72,2022,-3.604909789,-0.291391645,3.022126499,0.002544797,50.86876028,0.316269772
Suffolk,103,3/14/22,73,2022,2.376326698,6.603369637,10.83041258,0,58.75982825,0.461465653
Suffolk,103,3/15/22,74,2022,2.702229968,8.58421499,14.46620001,0,64.99373968,0.515459871
Suffolk,103,3/16/22,75,2022,4.673291157,9.092404065,13.51151697,0.1095484,63.59560592,0.498549882
Suffolk,103,3/17/22,76,2022,7.73580395,10.14334406,12.55088418,3.112963615,65.91252286,0.445462885
Suffolk,103,3/18/22,77,2022,6.921522155,12.46597556,18.01042897,0.014981216,62.59954885,0.679574604
Suffolk,103,3/19/22,78,2022,8.156100371,11.63772916,15.11935794,3.68027705,67.0895439,0.504038821
Suffolk,103,3/20/22,79,2022,5.165231243,9.964844166,14.76445709,0.012908737,69.28332428,0.466700034
Suffolk,103,3/21/22,80,2022,4.076354009,9.37453957,14.67272513,0,52.35589888,0.664740802
Suffolk,103,3/22/22,81,2022,1.440123652,6.963411744,12.48669984,0,50.48968216,0.59131561
Suffolk,103,3/23/22,82,2022,3.486215078,5.355600001,7.224984924,20.49288128,54.84319314,0.414741652
Suffolk,103,3/24/22,83,2022,4.998591771,6.454754232,7.910916693,16.39818262,79.56639621,0.204444195
Suffolk,103,3/25/22,84,2022,5.673924063,9.208197715,12.74247137,0,67.45941433,0.427168487
Suffolk,103,3/26/22,85,2022,3.548979645,7.453892665,11.35880568,6.728096359,69.55761774,0.366350088
Suffolk,103,3/27/22,86,2022,-4.489512448,1.927844572,8.345201592,0.0577287,69.83312831,0.29149047
Suffolk,103,3/28/22,87,2022,-5.935112351,-3.280117301,-0.625122251,0.003070454,42.64459081,0.289002567
Suffolk,103,3/29/22,88,2022,-3.199195032,0.27283724,3.744869512,0,42.18542231,0.385151666
Suffolk,103,3/30/22,89,2022,-0.008203592,4.734520784,9.47724516,0.189951457,48.16614467,0.506428777
Suffolk,103,3/31/22,90,2022,8.694733837,11.8170201,14.93930636,6.391809017,63.79603241,0.543615357
Suffolk,103,4/1/22,91,2022,3.514241033,8.187447834,12.86065464,0.462339021,72.83295454,0.36170166
Suffolk,103,4/2/22,92,2022,3.15665115,6.961915775,10.7671804,0,55.90255496,0.483067744
Suffolk,103,4/3/22,93,2022,3.559861072,5.957035872,8.354210673,4.061302384,77.92801838,0.218007683
Suffolk,103,4/4/22,94,2022,1.841248051,7.059018691,12.27678933,0.02298975,65.08511233,0.425664722
Suffolk,103,4/5/22,95,2022,6.620161386,8.971572667,11.32298395,8.193703706,63.80517282,0.429483695
Suffolk,103,4/6/22,96,2022,6.106387661,8.014004415,9.921621169,7.70253166,78.15947861,0.243201018
Suffolk,103,4/7/22,97,2022,7.558548722,9.587542588,11.61653645,12.03791222,71.45430567,0.350497134
Suffolk,103,4/8/22,98,2022,7.46684212,11.67480116,15.88276021,0.290694332,64.47096713,0.55749702
Suffolk,103,4/9/22,99,2022,5.525135957,9.52965348,13.534171,0.313733556,70.03138237,0.406459933
Suffolk,103,4/10/22,100,2022,3.750523892,7.095305599,10.44008731,0.003431456,63.29103775,0.401818306
Suffolk,103,4/11/22,101,2022,5.919063681,9.897455865,13.87584805,0.935697501,55.68933337,0.59345627
Suffolk,103,4/12/22,102,2022,5.552306597,12.70572829,19.85914997,0.957526168,66.30977696,0.685134817
Suffolk,103,4/13/22,103,2022,10.92242415,14.76027003,18.59811591,0,59.46407496,0.744587283
Suffolk,103,4/14/22,104,2022,7.848645767,13.43454225,19.02043873,2.061441534,72.81274283,0.528178831
Suffolk,103,4/15/22,105,2022,10.52047527,14.20279922,17.88512318,0,52.50465856,0.825072587
Suffolk,103,4/16/22,106,2022,4.305536121,10.08264721,15.85975831,4.08059939,74.57918324,0.376017687
Suffolk,103,4/17/22,107,2022,1.452003814,5.616200175,9.780396535,0.019952536,62.85528536,0.387740294
Suffolk,103,4/18/22,108,2022,5.185693744,8.473328331,11.76096292,35.67939507,59.14999136,0.485055888
Suffolk,103,4/19/22,109,2022,4.666041187,7.429576411,10.19311164,0.023472118,71.16083049,0.318928204
Suffolk,103,4/20/22,110,2022,2.402729858,8.148332791,13.89393572,0,59.65283287,0.543112814
Suffolk,103,4/21/22,111,2022,6.802416704,10.10246976,13.40252283,0,67.25557773,0.442706048
Suffolk,103,4/22/22,112,2022,5.336688651,12.09528383,18.85387902,0,61.06707572,0.729615807
Suffolk,103,4/23/22,113,2022,9.054375096,12.08617442,15.11797375,0.244993894,55.68915518,0.657305082
Suffolk,103,4/24/22,114,2022,4.672612039,8.814544506,12.95647697,0.012695382,70.50635348,0.385365872
Suffolk,103,4/25/22,115,2022,8.229626609,11.16259999,14.09557338,8.70425640279763E-04,59.14066329,0.571761414
Suffolk,103,4/26/22,116,2022,8.304959963,10.89926659,13.49357322,1.435089129,76.99757959,0.321352332
Suffolk,103,4/27/22,117,2022,3.850681852,8.418313422,12.98594499,0,69.53299528,0.404886983
Suffolk,103,4/28/22,118,2022,3.875846376,8.424477279,12.97310818,0,46.64744776,0.653525378
Suffolk,103,4/29/22,119,2022,3.78322646,9.733187535,15.68314861,0,47.23294939,0.765874679
Suffolk,103,4/30/22,120,2022,4.135248285,10.28714914,16.43904999,0,53.36281815,0.727441831
Suffolk,103,5/1/22,121,2022,8.711560603,12.82066243,16.92976425,1.498109953,60.41452591,0.654125555
Suffolk,103,5/2/22,122,2022,9.029563988,10.43281959,11.83607519,5.734148352,80.96588999,0.238722423
Suffolk,103,5/3/22,123,2022,8.85344024,11.02184952,13.19025881,0.351101561,77.96216962,0.297680696
Suffolk,103,5/4/22,124,2022,9.349649296,12.61321058,15.87677187,1.262651322,77.25481649,0.368851594
Suffolk,103,5/5/22,125,2022,10.88089229,15.39641362,19.91193495,0.037487053,64.98686044,0.702974056
Suffolk,103,5/6/22,126,2022,8.794779692,12.01791289,15.24104608,18.74262146,77.66135769,0.344666905
Suffolk,103,5/7/22,127,2022,6.566022026,8.579682784,10.59334354,17.61027662,85.52810166,0.158499095
Suffolk,103,5/8/22,128,2022,6.748723162,10.28074067,13.81275819,0.107339868,68.10296439,0.437957899
Suffolk,103,5/9/22,129,2022,8.894774768,13.4045352,17.91429563,0,53.67758615,0.797597283
Suffolk,103,5/10/22,130,2022,10.28210368,14.8391365,19.39616933,0,55.88906618,0.839657314
Suffolk,103,5/11/22,131,2022,11.9688657,16.85985099,21.75083628,0,56.19802381,0.96230694
Suffolk,103,5/12/22,132,2022,12.14308539,16.47451249,20.8059396,0.009938004,65.7539641,0.732500194
Suffolk,103,5/13/22,133,2022,13.59579145,17.54980837,21.5038253,0.23596265,65.82483181,0.766271082
Suffolk,103,5/14/22,134,2022,13.93874352,18.39231986,22.84589621,3.115038421,71.21345096,0.711846212
Suffolk,103,5/15/22,135,2022,13.5848889,17.76325564,21.94162237,0,70.34911586,0.694917673
Suffolk,103,5/16/22,136,2022,12.78425707,16.74027093,20.69628479,2.275521408,76.23895497,0.527593572
Suffolk,103,5/17/22,137,2022,11.73463856,17.4847859,23.23493325,0,61.24035311,0.948701549
Suffolk,103,5/18/22,138,2022,11.82782505,16.27671528,20.72560552,11.60096089,57.81208191,0.868085294
Suffolk,103,5/19/22,139,2022,9.990346606,12.27027318,14.55019975,7.764307908,82.34270035,0.259731297
Suffolk,103,5/20/22,140,2022,12.49292378,15.7926362,19.09234861,9.519272312,75.93628602,0.474911874
Suffolk,103,5/21/22,141,2022,16.06109781,21.92719296,27.79328812,0,64.60301179,1.164788038
Suffolk,103,5/22/22,142,2022,16.05959448,22.06288613,28.06617778,0.392765264,68.48125289,1.059313014
Suffolk,103,5/23/22,143,2022,13.25808199,18.01036178,22.76264157,0.066286855,68.08598199,0.774725034
Suffolk,103,5/24/22,144,2022,8.577412735,13.49659654,18.41578034,4.04291838247172E-04,77.04485544,0.388849739
Suffolk,103,5/25/22,145,2022,8.369607893,13.50674398,18.64388006,0,72.99726197,0.491784527
Suffolk,103,5/26/22,146,2022,13.88716755,16.6471375,19.40710746,0.974339451,69.15020697,0.612836073
Suffolk,103,5/27/22,147,2022,16.42204355,18.73991871,21.05779386,4.988652768,77.2145482,0.512580432
Suffolk,103,5/28/22,148,2022,13.70577464,17.63445154,21.56312844,1.764053583,81.89979127,0.390182974
Suffolk,103,5/29/22,149,2022,13.30765747,18.12888062,22.95010376,0,73.89311705,0.629677338
Suffolk,103,5/30/22,150,2022,18.60939982,22.81651659,27.02363335,0,63.7309751,1.116391368
Suffolk,103,5/31/22,151,2022,12.77950365,22.80825825,32.83701285,2.590878312,67.39276092,1.354384902
Suffolk,103,6/1/22,152,2022,13.44218134,16.18570092,18.9292205,6.551242236,81.60003231,0.355155843
Suffolk,103,6/2/22,153,2022,14.78413081,19.00021623,23.21630165,9.105258909,78.57121793,0.547461616
Suffolk,103,6/3/22,154,2022,14.03159535,17.82177944,21.61196352,0.056624047,80.74117459,0.440501615
Suffolk,103,6/4/22,155,2022,10.69971238,16.07126291,21.44281344,0.004519874,80.95917546,0.318843863
Suffolk,103,6/5/22,156,2022,10.89373307,16.76340053,22.63306799,0,67.9193646,0.737733648
Suffolk,103,6/6/22,157,2022,13.5514837,19.19654923,24.84161477,0,67.93005776,0.866495879
Suffolk,103,6/7/22,158,2022,18.07887352,20.39557695,22.71228038,5.712380756,73.37461163,0.649367509
Suffolk,103,6/8/22,159,2022,17.8584544,22.14372802,26.42900163,11.12755679,74.30057593,0.790424237
Suffolk,103,6/9/22,160,2022,14.44427307,21.07216619,27.7000593,2.748149387,74.0212898,0.813209057
Suffolk,103,6/10/22,161,2022,16.29423811,20.76195529,25.22967248,0,69.17466985,0.864275133
Suffolk,103,6/11/22,162,2022,16.37714052,20.22065365,24.06416678,0.12216416,74.37195872,0.665342372
Suffolk,103,6/12/22,163,2022,17.96682161,20.03065287,22.09448414,8.203603063,79.36899003,0.485911625
Suffolk,103,6/13/22,164,2022,16.46882235,21.968074,27.46732565,0.037171658,77.66644633,0.666146395
Suffolk,103,6/14/22,165,2022,16.22039486,21.53843033,26.85646581,1.57697007652817E-04,69.87612633,0.92540398
Suffolk,103,6/15/22,166,2022,16.18381249,20.2036454,24.2234783,0.176660844,73.75468827,0.689967997
Suffolk,103,6/16/22,167,2022,17.86016457,19.92717044,21.99417631,1.820924223,75.27996165,0.579336665
Suffolk,103,6/17/22,168,2022,17.50066638,23.43773389,29.37480139,2.785709859,72.51769595,0.981982652
Suffolk,103,6/18/22,169,2022,11.35567324,16.47706142,21.5984496,4.985014151,74.20183121,0.572255375
Suffolk,103,6/19/22,170,2022,11.81899807,16.56762649,21.31625491,0.018452869,58.9697222,0.87794097
Suffolk,103,6/20/22,171,2022,14.05882783,19.76273157,25.46663531,0,61.18162109,1.073342555
Suffolk,103,6/21/22,172,2022,15.65043436,19.47606687,23.30169939,3.613836352,70.56490453,0.733057774
Suffolk,103,6/22/22,173,2022,14.3871506,16.60119005,18.8152295,10.50203924,86.57474612,0.240147339
Suffolk,103,6/23/22,174,2022,14.3734721,18.90707556,23.44067901,0.002207758,78.30343732,0.5230679
Suffolk,103,6/24/22,175,2022,16.79897328,20.63630235,24.47363141,2.14900824154329E-04,76.48093901,0.637378208
Suffolk,103,6/25/22,176,2022,18.24455809,24.06578275,29.88700741,0,70.24729928,1.116771851
Suffolk,103,6/26/22,177,2022,20.47386969,24.97645858,29.47904747,0.005360925,67.62609212,1.159520416
Suffolk,103,6/27/22,178,2022,15.47003522,19.52874081,23.58744641,22.79526215,86.61232172,0.181149256
Suffolk,103,6/28/22,179,2022,14.90135972,20.01304747,25.12473521,0,75.25441367,0.649932823
Suffolk,103,6/29/22,180,2022,17.34269679,22.13232931,26.92196183,0.001693697,71.92101905,0.85676559
Suffolk,103,6/30/22,181,2022,18.82785476,23.28988615,27.75191754,0,70.86030771,0.938569286
Suffolk,103,7/1/22,182,2022,22.02013593,24.83611287,27.65208982,3.186505308,72.11101799,0.905601181
Suffolk,103,7/2/22,183,2022,21.12932881,24.37058092,27.61183304,5.848594645,78.27804303,0.714671773
Suffolk,103,7/3/22,184,2022,16.96439377,22.46165371,27.95891366,0,75.33198739,0.775973933
Suffolk,103,7/4/22,185,2022,19.56911999,23.06081578,26.55251156,0,62.11435011,1.125101807
Suffolk,103,7/5/22,186,2022,20.9734017,23.69450823,26.41561477,1.232626275,72.19378892,0.840585799
Suffolk,103,7/6/22,187,2022,19.40348,24.24908534,29.09469067,1.57697007652817E-04,74.26195538,0.901514505
Suffolk,103,7/7/22,188,2022,16.24785672,20.70884646,25.1698362,5.91363780886666E-04,81.38817719,0.426837711
Suffolk,103,7/8/22,189,2022,19.86838616,23.15426397,26.44014177,0.018005287,75.61668274,0.736742707
Suffolk,103,7/9/22,190,2022,16.42053031,22.05619074,27.69185116,2.93749327980737E-05,74.00109073,0.803234103
Suffolk,103,7/10/22,191,2022,16.28469158,20.98320025,25.68170892,0,65.40942223,0.981490622
Suffolk,103,7/11/22,192,2022,19.61165201,22.90397005,26.19628808,0,70.21454912,0.877569608
Suffolk,103,7/12/22,193,2022,21.37707195,23.95594236,26.53481277,0,77.64116021,0.686018922
Suffolk,103,7/13/22,194,2022,20.22289146,25.3925238,30.56215614,0.111279974,72.97960751,1.053147986
Suffolk,103,7/14/22,195,2022,18.91612774,24.03928686,29.16244599,0.736183732,76.52539511,0.784191804
Suffolk,103,7/15/22,196,2022,18.30784479,22.88610639,27.46436798,8.99800573077837E-04,71.07139697,0.918650299
Suffolk,103,7/16/22,197,2022,20.56146963,23.33709876,26.11272788,10.33006292,77.98300348,0.649082419
Suffolk,103,7/17/22,198,2022,22.68090191,25.32093718,27.96097245,0,73.58733279,0.872965862
Suffolk,103,7/18/22,199,2022,22.66845652,24.30754773,25.94663894,21.52499729,84.05161951,0.469987242
Suffolk,103,7/19/22,200,2022,22.87608748,27.00610889,31.13613031,0,70.06263914,1.184013621
Suffolk,103,7/20/22,201,2022,23.51358798,28.52210348,33.53061898,0,66.7948856,1.490062072
Suffolk,103,7/21/22,202,2022,22.70043708,26.49284558,30.28525407,2.404638915,79.23335337,0.77922365
Suffolk,103,7/22/22,203,2022,22.74472311,27.70200312,32.65928313,0,70.22004096,1.285917348
Suffolk,103,7/23/22,204,2022,22.94958935,28.01089084,33.07219233,0,69.13341613,1.364438319
Suffolk,103,7/24/22,205,2022,24.50757085,28.33607883,32.16458682,0,70.49551707,1.23881302
Suffolk,103,7/25/22,206,2022,20.45148476,24.23819247,28.02490018,2.533669848,85.63512097,0.317663843
Suffolk,103,7/26/22,207,2022,17.10328564,22.08675634,27.07022704,2.93749327980737E-05,80.94953959,0.452634622
Suffolk,103,7/27/22,208,2022,21.51194368,24.88552992,28.25911617,0.279860392,68.04786562,1.062457599
Suffolk,103,7/28/22,209,2022,22.84045802,25.81576538,28.79107273,0.00823735,78.06555993,0.765830381
Suffolk,103,7/29/22,210,2022,22.33524093,26.19485221,30.05446349,0.777535913,72.59124075,1.018474048
Suffolk,103,7/30/22,211,2022,17.8141745,24.38326333,30.95235216,0,70.47675956,1.118710751
Suffolk,103,7/31/22,212,2022,19.51940089,24.14021985,28.76103881,7.389476052,71.01806515,1.0032416
Suffolk,103,8/1/22,213,2022,19.51383995,21.65581309,23.79778624,3.978495235,87.38253122,0.295643466
Suffolk,103,8/2/22,214,2022,20.99311082,25.43563167,29.87815252,0.082864366,75.38261188,0.924197676
Suffolk,103,8/3/22,215,2022,21.18332767,25.5940477,30.00476773,0,71.87815587,1.044677182
Suffolk,103,8/4/22,216,2022,23.07434914,27.26361569,31.45288224,0.116892905,71.04518039,1.168657718
Suffolk,103,8/5/22,217,2022,23.0055387,26.87113531,30.73673191,0.28979994,72.62231521,1.05809001
Suffolk,103,8/6/22,218,2022,24.16998519,27.38893725,30.6078893,0,70.87952098,1.111965411
Suffolk,103,8/7/22,219,2022,23.99388523,27.22217899,30.45047274,0.258877414,73.4619236,1.010425162
Suffolk,103,8/8/22,220,2022,23.85584833,27.05933273,30.26281712,0.006570709,73.62499169,0.995751456
Suffolk,103,8/9/22,221,2022,21.86733164,27.16535072,32.46336981,1.741049156,73.70236954,1.115847702
Suffolk,103,8/10/22,222,2022,21.57432929,25.00110654,28.42788379,0.158430607,76.07289268,0.817758227
Suffolk,103,8/11/22,223,2022,20.00758797,23.9587296,27.90987123,2.130117806,80.07371776,0.640394551
Suffolk,103,8/12/22,224,2022,16.96514389,22.52721344,28.08928299,0.026416568,66.34857423,1.107457292
Suffolk,103,8/13/22,225,2022,14.44190968,20.17200106,25.90209244,0,62.47603388,1.069964594
Suffolk,103,8/14/22,226,2022,15.5956599,21.03612983,26.47659975,0,67.19991968,0.980363628
Suffolk,103,8/15/22,227,2022,16.17832691,21.36925603,26.56018514,0,71.18964339,0.865719761
Suffolk,103,8/16/22,228,2022,17.87836722,22.46375098,27.04913474,1.21155053,67.66627663,1.001253847
Suffolk,103,8/17/22,229,2022,17.13383985,21.57425724,26.01467463,4.259170388,67.54284569,0.944399668
Suffolk,103,8/18/22,230,2022,18.13377005,23.11316759,28.09256512,0.107891036,67.48054713,1.06902939
Suffolk,103,8/19/22,231,2022,20.61087916,25.60753664,30.60419413,0,62.11472072,1.409922931
Suffolk,103,8/20/22,232,2022,19.19652133,24.89194333,30.58736533,0.147515498,71.08955021,1.083011705
Suffolk,103,8/21/22,233,2022,20.95921061,24.37628065,27.79335069,1.451909366,74.06351666,0.847924119
Suffolk,103,8/22/22,234,2022,21.00399672,23.52569564,26.04739455,12.39731835,79.67166356,0.604397891
Suffolk,103,8/23/22,235,2022,19.79487294,23.9658934,28.13691386,4.807935076,77.30413857,0.73860639
Suffolk,103,8/24/22,236,2022,19.6249596,24.88505701,30.14515441,0,71.43062125,1.070455539
Suffolk,103,8/25/22,237,2022,20.13920627,25.724294,31.30938172,0,70.20307946,1.185883257
Suffolk,103,8/26/22,238,2022,21.35503528,25.37381278,29.39259028,0.481675456,77.214685,0.818394659
Suffolk,103,8/27/22,239,2022,20.9645435,25.16053533,29.35652715,0,75.99083495,0.872636168
Suffolk,103,8/28/22,240,2022,19.94440539,23.09191406,26.23942272,0,79.35334269,0.603321453
Suffolk,103,8/29/22,241,2022,22.84423855,25.57244386,28.30064917,0,72.71249556,0.918741671
Suffolk,103,8/30/22,242,2022,20.84437424,24.9291105,29.01384676,1.155345463,79.54033043,0.703059708
Suffolk,103,8/31/22,243,2022,17.50721739,23.0812418,28.65526621,0,72.90613422,0.85699417
Suffolk,103,9/1/22,244,2022,14.72159909,21.58079191,28.43998473,0,64.84903311,1.16131368
Suffolk,103,9/2/22,245,2022,13.98950158,18.84521533,23.70092908,0,61.91271928,0.931769532
Suffolk,103,9/3/22,246,2022,17.4373845,21.02900783,24.62063116,0,66.40589886,0.88280368
Suffolk,103,9/4/22,247,2022,20.8256357,24.16651553,27.50739536,0.043120082,70.7046721,0.914758586
Suffolk,103,9/5/22,248,2022,20.7635949,23.94896581,27.13433672,5.826490782,73.51457614,0.814176728
Suffolk,103,9/6/22,249,2022,18.02678444,19.78475817,21.54273191,19.38605303,87.06434148,0.26880846
Suffolk,103,9/7/22,250,2022,16.17058718,19.0260848,21.88158241,0.166391986,83.54049561,0.351265983
Suffolk,103,9/8/22,251,2022,14.10678527,19.0318283,23.95687133,0,75.34621989,0.603334595
Suffolk,103,9/9/22,252,2022,14.84596835,19.5343511,24.22273384,0,72.37813724,0.699199842
Suffolk,103,9/10/22,253,2022,17.73959105,22.73957692,27.73956279,0,66.37009376,1.055381563
Suffolk,103,9/11/22,254,2022,18.68745137,21.48320195,24.27895253,13.63874011,68.63379271,0.805848934
Suffolk,103,9/12/22,255,2022,19.51479382,22.2035577,24.89232158,14.24052885,78.91520822,0.56351664
Suffolk,103,9/13/22,256,2022,16.1903781,21.2532965,26.3162149,13.40322818,80.9650636,0.385686522
Suffolk,103,9/14/22,257,2022,16.47612704,20.9503786,25.42463016,0,69.47665845,0.845558588
Suffolk,103,9/15/22,258,2022,10.56612597,16.27975563,21.99338529,0,67.7040808,0.725229667
Suffolk,103,9/16/22,259,2022,12.78193277,17.6409075,22.49988223,0,55.94299442,0.982521372
Suffolk,103,9/17/22,260,2022,16.03913835,18.76816247,21.49718659,0,63.65439543,0.78960251
Suffolk,103,9/18/22,261,2022,18.77244192,22.5951614,26.41788087,0,72.92948169,0.795063387
Suffolk,103,9/19/22,262,2022,18.03175057,22.84619888,27.66064719,0.913740514,74.01378964,0.82180192
Suffolk,103,9/20/22,263,2022,15.62873153,20.46635152,25.3039715,0.284577388,74.19544895,0.724131738
Suffolk,103,9/21/22,264,2022,17.77045035,20.80415863,23.8378669,0.015689306,65.50286202,0.863562098
Suffolk,103,9/22/22,265,2022,10.65452852,17.23596341,23.8173983,17.88485951,79.02884422,0.286379231
Suffolk,103,9/23/22,266,2022,8.817015268,12.89927281,16.98153036,0,62.40714695,0.603625484
Suffolk,103,9/24/22,267,2022,10.2894519,14.97819075,19.6669296,9.64734635052526E-04,60.12287622,0.757506763
Suffolk,103,9/25/22,268,2022,14.09389402,18.23082594,22.36775786,13.1923208,75.01914991,0.578288908
Suffolk,103,9/26/22,269,2022,14.86586594,18.62172803,22.37759012,0,76.63622581,0.537513875
Suffolk,103,9/27/22,270,2022,11.03302584,16.20658524,21.38014464,0,70.61204275,0.625767924
Suffolk,103,9/28/22,271,2022,11.84141257,16.4345382,21.02766383,0,63.60813836,0.75730941
Suffolk,103,9/29/22,272,2022,10.36898654,14.68305451,18.99712247,0,65.76870289,0.631294585
Suffolk,103,9/30/22,273,2022,11.05037279,14.3192116,17.5880504,11.92429847,71.65061445,0.482005378
Suffolk,103,10/1/22,274,2022,11.24262674,13.57787859,15.91313043,16.74644023,83.06679653,0.265303799
Suffolk,103,10/2/22,275,2022,10.30497286,12.96046861,15.61596435,0.874232772,75.93529089,0.371672129
Suffolk,103,10/3/22,276,2022,9.529942904,11.00262928,12.47531565,11.62707285,79.94812961,0.256657133
Suffolk,103,10/4/22,277,2022,11.15548015,12.84848326,14.54148637,26.73034584,82.1697246,0.258429833
Suffolk,103,10/5/22,278,2022,13.21765123,14.59010482,15.96255841,17.6910932,78.8691278,0.340556811
Suffolk,103,10/6/22,279,2022,12.99665712,17.72866905,22.46068098,0,68.8955452,0.735747281
Suffolk,103,10/7/22,280,2022,9.039004895,16.38138491,23.72376493,1.987735188,72.13419975,0.618063185
Suffolk,103,10/8/22,281,2022,4.64222903,9.809601874,14.97697472,0.187217268,67.02270318,0.484751934
Suffolk,103,10/9/22,282,2022,6.477037941,11.44332808,16.40961822,0,57.75075995,0.656880846
Suffolk,103,10/10/22,283,2022,8.002762539,13.37436236,18.74596218,0,63.18697831,0.680040972
Suffolk,103,10/11/22,284,2022,9.389815505,14.44842391,19.50703232,0,67.58399642,0.63511773
Suffolk,103,10/12/22,285,2022,13.13162706,17.02190408,20.9121811,0.744956015,67.51431961,0.690518236
Suffolk,103,10/13/22,286,2022,12.12523464,16.46477597,20.8043173,25.87987669,80.08192332,0.373943739
Suffolk,103,10/14/22,287,2022,8.338031406,13.43121543,18.52439946,0.295477035,79.20083204,0.295939689
Suffolk,103,10/15/22,288,2022,9.45499738,14.79736465,20.13973192,0,70.12146895,0.610598939
Suffolk,103,10/16/22,289,2022,9.726826527,14.49575323,19.26467993,0.213616054,71.53633478,0.538841233
Suffolk,103,10/17/22,290,2022,10.95637514,14.72308946,18.48980378,8.120369977,75.91435213,0.444589985
Suffolk,103,10/18/22,291,2022,4.936370703,9.953125873,14.96988104,0.096233052,72.87342384,0.389740572
Suffolk,103,10/19/22,292,2022,5.470690239,9.157877774,12.84506531,0,61.38881746,0.486027424
Suffolk,103,10/20/22,293,2022,5.334320182,9.888007692,14.4416952,0,67.44740962,0.461283218
Suffolk,103,10/21/22,294,2022,5.807846494,11.58572966,17.36361282,0,66.64485507,0.571878137
Suffolk,103,10/22/22,295,2022,9.242858859,14.06400812,18.88515737,0,70.42630799,0.554400132
Suffolk,103,10/23/22,296,2022,12.34125597,13.84276599,15.34427602,9.987167783,82.11443856,0.274989952
Suffolk,103,10/24/22,297,2022,12.91226425,15.41474072,17.91721718,18.8170846,79.69755802,0.365031849
Suffolk,103,10/25/22,298,2022,17.10089337,19.22648374,21.3520741,1.625318885,68.49214365,0.707248881
Suffolk,103,10/26/22,299,2022,13.31268336,17.0378166,20.76294985,0.272275478,78.79857741,0.427732254
Suffolk,103,10/27/22,300,2022,7.16717126,12.9386031,18.71003495,0,71.69449801,0.535969602
Suffolk,103,10/28/22,301,2022,5.810576405,9.683040197,13.55550399,0,66.15938026,0.449912412
Suffolk,103,10/29/22,302,2022,2.775167837,9.1921563,15.60914476,0,72.82371199,0.375200135
Suffolk,103,10/30/22,303,2022,6.38559503,11.73557194,17.08554885,0,69.35752583,0.512503978
Suffolk,103,10/31/22,304,2022,12.12170165,15.02290877,17.9241159,7.774506441,72.38249871,0.493856152
Suffolk,103,11/1/22,305,2022,12.87641293,15.60834277,18.34027261,1.711527348,72.79296787,0.500826437
Suffolk,103,11/2/22,306,2022,6.907797612,14.04478093,21.18176425,0,66.97385572,0.710371978
Suffolk,103,11/3/22,307,2022,7.125851691,12.64936165,18.1728716,0,68.59640481,0.575221935
Suffolk,103,11/4/22,308,2022,10.40132936,15.40574319,20.41015702,0.075604893,71.89780141,0.591753838
Suffolk,103,11/5/22,309,2022,17.55754299,20.19536215,22.83318131,0.007293487,60.33494365,0.954715602
Suffolk,103,11/6/22,310,2022,17.87477133,19.93266789,21.99056446,0.032317837,63.18652339,0.858134693
Suffolk,103,11/7/22,311,2022,8.513493913,16.82518418,25.13687445,0,65.97302877,0.978788432
Suffolk,103,11/8/22,312,2022,3.701837954,9.064209691,14.42658143,0,48.91706021,0.674183298
Suffolk,103,11/9/22,313,2022,3.510707472,7.785792861,12.06087825,0,60.23201204,0.471864302
Suffolk,103,11/10/22,314,2022,9.399173727,13.84833461,18.29749549,2.93749327980737E-04,64.64472171,0.636094293
Suffolk,103,11/11/22,315,2022,15.62604471,18.12258118,20.61911766,10.35371749,66.78028231,0.70491829
Suffolk,103,11/12/22,316,2022,10.92025754,16.42646487,21.9326722,1.84468623,74.29424258,0.589767938
Suffolk,103,11/13/22,317,2022,3.548443227,7.971074239,12.39370525,1.908763778,78.86269426,0.241209241
Suffolk,103,11/14/22,318,2022,-0.674373338,3.736298012,8.146969362,0,57.24766097,0.386588563
Suffolk,103,11/15/22,319,2022,1.922109921,6.822714635,11.72331935,17.15909233,59.09577428,0.4785488
Suffolk,103,11/16/22,320,2022,3.445635428,8.094380098,12.74312477,0.307019066,75.90351447,0.313301897
Suffolk,103,11/17/22,321,2022,1.475264551,4.937936083,8.400607615,0,60.45747873,0.369896956
Suffolk,103,11/18/22,322,2022,-0.580537791,3.246119221,7.072776232,0.815222405,60.61662157,0.333974121
Suffolk,103,11/19/22,323,2022,-0.785139579,2.455409784,5.695959147,0,58.06352995,0.328580342
Suffolk,103,11/20/22,324,2022,-3.408114147,0.406745051,4.22160425,0,55.18607059,0.308726675
Suffolk,103,11/21/22,325,2022,-1.844001395,2.437254304,6.718510004,0,58.57795627,0.34026569
Suffolk,103,11/22/22,326,2022,1.089503123,5.430399643,9.771296164,0,54.68256727,0.45677803
Suffolk,103,11/23/22,327,2022,0.086335549,6.40804065,12.72974575,0,60.40568638,0.499259362
Suffolk,103,11/24/22,328,2022,2.28441769,6.898231599,11.51204551,5.91363793384741E-04,61.61819935,0.441162162
Suffolk,103,11/25/22,329,2022,3.532499767,8.539970383,13.547441,1.148673488,74.27590038,0.3567744